"lot_id","timestamp","price","time","diff"
"BHMBCCMKT01","13-11-2016 10:33:32","17.149653379549395","1751902216346","1"
"BHMBCCMKT01","08-10-2016 16:30:42","13.690727902946273","1751902216346","1"
"BHMBCCMKT01","14-12-2016 12:30:00","18.883448873483534","1751902216346","1"
"BHMBCCMKT01","23-11-2016 10:31:36","14.766637781629115","1751902216346","1"
"BHMBCCMKT01","22-10-2016 13:59:48","19.183882149046795","1751902216346","1"
"BHMBCCMKT01","15-12-2016 12:26:03","15.793934142114384","1751902216346","1"
"BHMBCCMKT01","27-11-2016 15:32:23","17.5130849220104","1751902216346","1"
"BHMBCCMKT01","04-10-2016 13:02:48","18.332755632582323","1751902216346","1"
"BHMBCCMKT01","29-11-2016 11:01:36","14.707452339688043","1751902216346","1"
"BHMBCCMKT01","28-11-2016 12:01:27","18.94410745233969","1751902216346","1"
"BHMBCCMKT01","02-12-2016 14:58:50","14.929116117850953","1751902216346","1"
"BHMBCCMKT01","16-11-2016 10:33:53","14.32946273830156","1751902216346","1"
"BHMBCCMKT01","12-11-2016 09:27:26","13.208145580589255","1751902216346","1"
"BHMBCCMKT01","16-10-2016 09:01:15","15.519150779896014","1751902216346","1"
"BHMBCCMKT01","05-10-2016 14:30:17","14.892287694974002","1751902216346","1"
"BHMBCCMKT01","05-12-2016 13:29:09","17.383448873483538","1751902216346","1"
"BHMBCCMKT01","18-11-2016 14:28:08","15.224610051993068","1751902216346","1"
"BHMBCCMKT01","14-12-2016 14:03:00","16.678942807625653","1751902216346","1"
"BHMBCCMKT01","02-12-2016 16:32:54","12.177469670710572","1751902216346","1"
"BHMBCCMKT01","18-10-2016 11:01:57","16.52660311958406","1751902216346","1"
"BHMBCCMKT01","13-10-2016 09:57:08","14.075129982668976","1751902216346","1"
"BHMBCCMKT01","29-10-2016 10:59:46","15.761438474870017","1751902216346","1"
"BHMBCCMKT01","01-12-2016 14:58:46","14.913951473136915","1751902216346","1"
"BHMBCCMKT01","21-11-2016 14:04:30","14.09896013864818","1751902216346","1"
"BHMBCCMKT01","14-12-2016 15:30:00","13.957625649913346","1751902216346","1"
"BHMBCCMKT01","15-10-2016 16:01:15","13.792547660311957","1751902216346","1"
"BHMBCCMKT01","12-11-2016 14:27:28","16.00121317157712","1751902216346","1"
"BHMBCCMKT01","27-11-2016 11:31:20","19.6184575389948","1751902216346","1"
"BHMBCCMKT01","04-10-2016 13:29:45","18.319757365684577","1751902216346","1"
"BHMBCCMKT01","16-10-2016 14:27:13","18.93994800693241","1751902216346","1"
"BHMBCCMKT01","07-10-2016 12:30:28","18.19627383015598","1751902216346","1"
"BHMBCCMKT01","17-12-2016 14:00:17","16.003379549393415","1751902216346","1"
"BHMBCCMKT01","16-12-2016 09:30:12","12.097313691507798","1751902216346","1"
"BHMBCCMKT01","13-10-2016 08:31:06","12.440814558058925","1751902216346","1"
"BHMBCCMKT01","30-10-2016 12:26:54","20.0","1751902216346","1"
"BHMBCCMKT01","05-12-2016 16:02:11","12.629636048526862","1751902216346","1"
"BHMBCCMKT01","12-11-2016 12:00:27","16.680415944540727","1751902216346","1"
"BHMBCCMKT01","15-12-2016 16:03:03","12.453292894280763","1751902216346","1"
"BHMBCCMKT01","05-10-2016 10:30:17","13.87729636048527","1751902216346","1"
"BHMBCCMKT01","07-10-2016 15:57:31","13.242287694974003","1751902216346","1"
"BHMBCCMKT01","26-11-2016 13:01:03","20.0","1751902216346","1"
"BHMBCCMKT01","27-10-2016 13:59:37","15.904419410745234","1751902216346","1"
"BHMBCCMKT01","05-10-2016 09:04:19","13.053812824956673","1751902216346","1"
"BHMBCCMKT01","12-12-2016 09:02:45","11.999826689774697","1751902216346","1"
"BHMBCCMKT01","31-10-2016 10:26:02","13.17946273830156","1751902216346","1"
"BHMBCCMKT01","06-11-2016 08:26:43","14.725823223570188","1751902216346","1"
"BHMBCCMKT01","24-10-2016 10:30:02","14.796967071057193","1751902216346","1"
"BHMBCCMKT01","29-11-2016 14:01:32","14.939948006932408","1751902216346","1"
"BHMBCCMKT01","02-11-2016 10:56:16","14.861958405545927","1751902216346","1"
"BHMBCCMKT01","14-11-2016 12:27:39","15.433622183708838","1751902216346","1"
"BHMBCCMKT01","25-11-2016 10:27:56","14.063084922010399","1751902216346","1"
"BHMBCCMKT01","12-11-2016 09:00:26","11.308318890814558","1751902216346","1"
"BHMBCCMKT01","09-11-2016 08:27:02","11.480155979202774","1751902216346","1"
"BHMBCCMKT01","11-10-2016 16:01:00","12.474956672443673","1751902216346","1"
"BHMBCCMKT01","24-11-2016 13:30:51","18.224436741767764","1751902216346","1"
"BHMBCCMKT01","12-11-2016 12:27:23","19.162911611785095","1751902216346","1"
"BHMBCCMKT01","09-11-2016 16:34:06","13.10363951473137","1751902216346","1"
"BHMBCCMKT01","23-11-2016 08:57:42","12.023656845753898","1751902216346","1"
"BHMBCCMKT01","23-11-2016 10:04:40","12.855979202772962","1751902216346","1"
"BHMBCCMKT01","28-11-2016 12:28:29","18.970103986135182","1751902216346","1"
"BHMBCCMKT01","12-10-2016 14:34:04","16.594454072790295","1751902216346","1"
"BHMBCCMKT01","23-10-2016 10:59:53","19.673310225303293","1751902216346","1"
"BHMBCCMKT01","04-11-2016 12:00:31","18.896447140381284","1751902216346","1"
"BHMBCCMKT01","17-10-2016 11:04:20","14.861958405545927","1751902216346","1"
"BHMBCCMKT01","11-11-2016 16:34:18","13.118630849220105","1751902216346","1"
"BHMBCCMKT01","16-10-2016 08:04:13","14.753986135181975","1751902216346","1"
"BHMBCCMKT01","26-11-2016 15:01:02","14.128336221837088","1751902216346","1"
"BHMBCCMKT01","11-11-2016 15:00:21","13.250953206239169","1751902216346","1"
"BHMBCCMKT01","29-11-2016 10:28:34","13.335961871750433","1751902216346","1"
"BHMBCCMKT01","08-10-2016 11:30:38","15.650259965337954","1751902216346","1"
"BHMBCCMKT01","06-10-2016 14:30:23","14.179116117850954","1751902216346","1"
"BHMBCCMKT01","13-12-2016 12:02:55","18.952772963604854","1751902216346","1"
"BHMBCCMKT01","26-10-2016 16:32:30","12.53994800693241","1751902216346","1"
"BHMBCCMKT01","05-12-2016 15:02:10","13.472790294627384","1751902216346","1"
"BHMBCCMKT01","08-11-2016 10:33:59","14.874956672443673","1751902216346","1"
"BHMBCCMKT01","14-11-2016 11:00:39","14.82946273830156","1751902216346","1"
"BHMBCCMKT01","22-10-2016 08:26:46","12.277816291161178","1751902216346","1"
"BHMBCCMKT01","06-12-2016 14:29:14","15.231109185441943","1751902216346","1"
"BHMBCCMKT01","03-11-2016 08:26:26","12.271317157712305","1751902216346","1"
"BHMBCCMKT01","04-10-2016 10:59:48","15.574436741767762","1751902216346","1"
"BHMBCCMKT01","01-12-2016 12:58:47","18.94844020797227","1751902216346","1"
"BHMBCCMKT01","13-12-2016 16:02:56","12.373136915077989","1751902216346","1"
"BHMBCCMKT01","01-11-2016 15:00:12","12.53994800693241","1751902216346","1"
"BHMBCCMKT01","08-10-2016 14:57:41","16.155719237435008","1751902216346","1"
"BHMBCCMKT01","02-12-2016 11:01:53","15.43578856152513","1751902216346","1"
"BHMBCCMKT01","12-10-2016 08:31:01","12.273483535528595","1751902216346","1"
"BHMBCCMKT01","17-11-2016 08:31:01","12.482322357019065","1751902216346","1"
"BHMBCCMKT01","01-11-2016 13:26:12","19.02209705372617","1751902216346","1"
"BHMBCCMKT01","29-10-2016 12:06:51","19.180242634315427","1751902216346","1"
"BHMBCCMKT01","16-11-2016 14:27:52","14.192114384748699","1751902216346","1"
"BHMBCCMKT01","23-11-2016 16:30:42","12.349306759098786","1751902216346","1"
"BHMBCCMKT01","13-10-2016 11:04:08","15.733275563258232","1751902216346","1"
"BHMBCCMKT01","06-12-2016 15:29:17","13.474956672443675","1751902216346","1"
"BHMBCCMKT01","15-11-2016 11:57:47","15.791767764298093","1751902216346","1"
"BHMBCCMKT01","18-11-2016 16:28:10","12.453292894280763","1751902216346","1"
"BHMBCCMKT01","12-10-2016 11:04:01","15.375129982668977","1751902216346","1"
"BHMBCCMKT01","28-11-2016 09:28:24","12.26048526863085","1751902216346","1"
"BHMBCCMKT01","09-12-2016 09:29:31","12.825649913344888","1751902216346","1"
"BHMBCCMKT01","06-10-2016 15:31:22","13.381455805892548","1751902216346","1"
"BHMBCCMKT01","10-12-2016 12:29:40","20.0","1751902216346","1"
"BHMBCCMKT01","06-11-2016 12:26:47","20.0","1751902216346","1"
"BHMBCCMKT01","02-12-2016 08:28:48","12.151993067590986","1751902216346","1"
"BHMBCCMKT01","08-11-2016 09:26:56","12.5473136915078","1751902216346","1"
"BHMBCCMKT01","24-11-2016 14:57:51","14.931282495667244","1751902216346","1"
"BHMBCCMKT01","11-11-2016 12:00:21","16.45727902946274","1751902216346","1"
"BHMBCCMKT01","03-11-2016 15:00:23","13.233622183708839","1751902216346","1"
"BHMBCCMKT01","28-11-2016 15:41:28","12.474956672443673","1751902216346","1"
"BHMBCCMKT01","19-10-2016 12:58:01","18.10745233968804","1751902216346","1"
"BHMBCCMKT01","01-11-2016 08:06:07","11.508318890814557","1751902216346","1"
"BHMBCCMKT01","24-10-2016 09:55:57","13.08847487001733","1751902216346","1"
"BHMBCCMKT01","15-10-2016 11:01:14","15.757105719237433","1751902216346","1"
"BHMBCCMKT01","09-11-2016 10:00:05","13.340641247833622","1751902216346","1"
"BHMBCCMKT01","15-10-2016 10:27:15","14.020450606585788","1751902216346","1"
"BHMBCCMKT01","15-11-2016 07:57:43","12.219324090121317","1751902216346","1"
"BHMBCCMKT01","06-10-2016 12:57:21","18.178942807625653","1751902216346","1"
"BHMBCCMKT01","27-10-2016 10:25:37","12.953466204506066","1751902216346","1"
"BHMBCCMKT01","09-10-2016 09:04:46","15.443154246100521","1751902216346","1"
"BHMBCCMKT01","21-11-2016 13:31:30","17.1184575389948","1751902216346","1"
"BHMBCCMKT01","08-11-2016 14:00:59","14.833102253032928","1751902216346","1"
"BHMBCCMKT01","16-10-2016 13:01:16","20.0","1751902216346","1"
"BHMBCCMKT01","27-10-2016 10:59:38","13.946620450606586","1751902216346","1"
"BHMBCCMKT01","15-10-2016 15:27:12","14.577209705372617","1751902216346","1"
"BHMBCCMKT01","14-11-2016 09:27:40","12.08214904679376","1751902216346","1"
"BHMBCCMKT01","01-12-2016 09:58:41","13.10363951473137","1751902216346","1"
"BHMBCCMKT01","07-12-2016 10:59:20","14.844627383015599","1751902216346","1"
"BHMBCCMKT01","22-10-2016 14:39:47","15.4815424610052","1751902216346","1"
"BHMBCCMKT01","16-11-2016 16:33:57","12.970797227036394","1751902216346","1"
"BHMBCCMKT01","08-11-2016 07:59:58","12.223656845753899","1751902216346","1"
"BHMBCCMKT01","12-12-2016 14:55:51","14.144454072790293","1751902216346","1"
"BHMBCCMKT01","12-10-2016 12:04:04","15.609792027729636","1751902216346","1"
"BHMBCCMKT01","15-10-2016 13:34:13","20.0","1751902216346","1"
"BHMBCCMKT01","05-10-2016 14:57:19","14.864124783362218","1751902216346","1"
"BHMBCCMKT01","14-10-2016 09:27:10","13.116637781629116","1751902216346","1"
"BHMBCCMKT01","10-10-2016 13:30:49","17.92261698440208","1751902216346","1"
"BHMBCCMKT01","13-12-2016 13:55:56","16.754939341421146","1751902216346","1"
"BHMBCCMKT01","04-11-2016 13:26:33","15.67478336221837","1751902216346","1"
"BHMBCCMKT01","19-11-2016 16:04:17","17.879202772963605","1751902216346","1"
"BHMBCCMKT01","01-11-2016 15:27:09","13.261785095320624","1751902216346","1"
"BHMBCCMKT01","11-10-2016 13:04:00","18.470103986135182","1751902216346","1"
"BHMBCCMKT01","20-11-2016 14:27:22","19.01941074523397","1751902216346","1"
"BHMBCCMKT01","12-12-2016 15:29:47","13.433795493934142","1751902216346","1"
"BHMBCCMKT01","03-11-2016 11:26:27","15.522443674176776","1751902216346","1"
"BHMBCCMKT01","13-12-2016 08:02:51","11.430329289428077","1751902216346","1"
"BHMBCCMKT01","19-11-2016 16:31:15","16.88370883882149","1751902216346","1"
"BHMBCCMKT01","20-11-2016 16:01:22","16.65043327556326","1751902216346","1"
"BHMBCCMKT01","18-10-2016 10:01:25","13.76412478336222","1751902216346","1"
"BHMBCCMKT01","08-12-2016 11:32:28","15.502946273830156","1751902216346","1"
"BHMBCCMKT01","12-10-2016 15:57:05","12.412131715771231","1751902216346","1"
"BHMBCCMKT01","10-10-2016 15:57:55","13.18162911611785","1751902216346","1"
"BHMBCCMKT01","05-12-2016 11:56:10","15.620623916811091","1751902216346","1"
"BHMBCCMKT01","23-10-2016 13:06:52","20.0","1751902216346","1"
"BHMBCCMKT01","15-12-2016 14:26:06","15.94644714038128","1751902216346","1"
"BHMBCCMKT01","03-11-2016 12:26:27","18.163778162911612","1751902216346","1"
"BHMBCCMKT01","08-12-2016 07:59:25","11.430329289428077","1751902216346","1"
"BHMBCCMKT01","12-12-2016 08:02:45","11.415164644714038","1751902216346","1"
"BHMBCCMKT01","30-11-2016 14:01:36","14.974610051993068","1751902216346","1"
"BHMBCCMKT01","25-11-2016 08:00:57","12.395320623916813","1751902216346","1"
"BHMBCCMKT01","10-11-2016 11:00:12","15.646620450606585","1751902216346","1"
"BHMBCCMKT01","15-10-2016 16:27:16","13.751386481802426","1751902216346","1"
"BHMBCCMKT01","16-12-2016 09:03:07","12.225823223570188","1751902216346","1"
"BHMBCCMKT01","27-11-2016 09:02:19","15.249826689774697","1751902216346","1"
"BHMBCCMKT01","17-10-2016 13:31:21","17.340121317157713","1751902216346","1"
"BHMBCCMKT01","07-11-2016 10:26:49","13.138301559792026","1751902216346","1"
"BHMBCCMKT01","14-12-2016 14:56:03","14.148786828422876","1751902216346","1"
"BHMBCCMKT01","21-11-2016 10:04:29","13.06897746967071","1751902216346","1"
"BHMBCCMKT01","01-11-2016 11:26:11","18.198440207972272","1751902216346","1"
"BHMBCCMKT01","30-10-2016 09:25:57","14.995320623916811","1751902216346","1"
"BHMBCCMKT01","22-11-2016 14:31:37","14.994107452339689","1751902216346","1"
"BHMBCCMKT01","28-10-2016 11:29:44","18.248266897746966","1751902216346","1"
"BHMBCCMKT01","11-12-2016 09:26:44","14.660831889081456","1751902216346","1"
"BHMBCCMKT01","21-11-2016 14:31:30","15.057798960138648","1751902216346","1"
"BHMBCCMKT01","22-11-2016 14:57:38","14.729116117850953","1751902216346","1"
"BHMBCCMKT01","14-12-2016 13:29:57","18.19627383015598","1751902216346","1"
"BHMBCCMKT01","10-10-2016 11:57:49","17.594454072790295","1751902216346","1"
"BHMBCCMKT01","19-11-2016 10:31:15","18.77461005199307","1751902216346","1"
"BHMBCCMKT01","31-10-2016 13:00:06","18.92894280762565","1751902216346","1"
"BHMBCCMKT01","01-11-2016 16:33:14","12.688128249566724","1751902216346","1"
"BHMBCCMKT01","22-11-2016 09:04:34","12.497487001733102","1751902216346","1"
"BHMBCCMKT01","19-11-2016 15:31:17","17.95935875216638","1751902216346","1"
"BHMBCCMKT01","29-11-2016 08:28:33","11.701993067590987","1751902216346","1"
"BHMBCCMKT01","04-10-2016 14:57:13","14.215944540727904","1751902216346","1"
"BHMBCCMKT01","26-10-2016 13:26:32","18.278596187175044","1751902216346","1"
"BHMBCCMKT01","01-12-2016 15:58:47","13.866464471403814","1751902216346","1"
"BHMBCCMKT01","08-11-2016 13:00:00","18.298093587521663","1751902216346","1"
"BHMBCCMKT01","23-11-2016 14:30:43","14.874956672443673","1751902216346","1"
"BHMBCCMKT01","21-11-2016 16:31:30","13.229809358752167","1751902216346","1"
"BHMBCCMKT01","17-10-2016 15:57:17","12.399133448873483","1751902216346","1"
"BHMBCCMKT01","12-10-2016 15:30:59","12.97729636048527","1751902216346","1"
"BHMBCCMKT01","02-11-2016 09:56:15","12.360138648180241","1751902216346","1"
"BHMBCCMKT01","02-12-2016 14:25:50","14.752946273830156","1751902216346","1"
"BHMBCCMKT01","15-12-2016 14:00:06","14.989774696707105","1751902216346","1"
"BHMBCCMKT01","15-10-2016 14:27:12","16.186048526863086","1751902216346","1"
"BHMBCCMKT01","30-10-2016 10:25:54","16.08214904679376","1751902216346","1"
"BHMBCCMKT01","12-11-2016 11:00:27","15.759272097053728","1751902216346","1"
"BHMBCCMKT01","05-11-2016 15:00:40","13.699393414211439","1751902216346","1"
"BHMBCCMKT01","29-10-2016 12:26:46","19.784402079722703","1751902216346","1"
"BHMBCCMKT01","05-10-2016 11:04:19","15.620623916811091","1751902216346","1"
"BHMBCCMKT01","28-11-2016 08:01:27","11.443327556325825","1751902216346","1"
"BHMBCCMKT01","28-10-2016 14:29:45","15.178249566724437","1751902216346","1"
"BHMBCCMKT01","29-10-2016 10:26:49","14.00528596187175","1751902216346","1"
"BHMBCCMKT01","10-11-2016 09:27:11","12.290814558058925","1751902216346","1"
"BHMBCCMKT01","11-10-2016 12:03:55","18.03743500866551","1751902216346","1"
"BHMBCCMKT01","23-11-2016 11:57:41","14.909618717504333","1751902216346","1"
"BHMBCCMKT01","17-11-2016 16:31:04","13.146967071057192","1751902216346","1"
"BHMBCCMKT01","04-11-2016 10:26:31","13.942461005199307","1751902216346","1"
"BHMBCCMKT01","25-10-2016 15:02:24","13.636568457538996","1751902216346","1"
"BHMBCCMKT01","16-11-2016 15:33:56","13.214124783362218","1751902216346","1"
"BHMBCCMKT01","07-11-2016 08:59:50","11.506152512998266","1751902216346","1"
"BHMBCCMKT01","13-10-2016 13:04:04","18.21360485268631","1751902216346","1"
"BHMBCCMKT01","12-12-2016 12:56:46","18.8921143847487","1751902216346","1"
"BHMBCCMKT01","30-10-2016 11:25:55","19.531802426343155","1751902216346","1"
"BHMBCCMKT01","16-12-2016 16:30:12","12.696793760831891","1751902216346","1"
"BHMBCCMKT01","02-11-2016 08:56:14","13.173483535528597","1751902216346","1"
"BHMBCCMKT01","02-12-2016 15:31:52","13.222790294627382","1751902216346","1"
"BHMBCCMKT01","10-10-2016 10:57:52","14.111958405545927","1751902216346","1"
"BHMBCCMKT01","08-12-2016 10:32:22","14.068630849220103","1751902216346","1"
"BHMBCCMKT01","08-12-2016 15:26:23","13.220623916811093","1751902216346","1"
"BHMBCCMKT01","14-10-2016 11:27:06","15.776603119584056","1751902216346","1"
"BHMBCCMKT01","29-11-2016 14:55:34","14.879289428076257","1751902216346","1"
"BHMBCCMKT01","30-10-2016 13:25:59","20.0","1751902216346","1"
"BHMBCCMKT01","23-10-2016 14:26:51","19.039601386481802","1751902216346","1"
"BHMBCCMKT01","19-12-2016 14:30:33","15.019410745233968","1751902216346","1"
"BHMBCCMKT01","18-12-2016 14:56:25","19.956412478336222","1751902216346","1"
"BHMBCCMKT01","07-10-2016 09:04:13","13.212478336221839","1751902216346","1"
"BHMBCCMKT01","09-10-2016 13:04:43","20.0","1751902216346","1"
"BHMBCCMKT01","15-10-2016 15:01:13","14.607538994800693","1751902216346","1"
"BHMBCCMKT01","14-11-2016 10:27:38","13.864471403812825","1751902216346","1"
"BHMBCCMKT01","13-11-2016 09:00:32","14.70849220103986","1751902216346","1"
"BHMBCCMKT01","17-11-2016 15:58:03","13.18162911611785","1751902216346","1"
"BHMBCCMKT01","31-10-2016 16:26:06","12.412131715771231","1751902216346","1"
"BHMBCCMKT01","30-11-2016 16:01:39","13.396967071057194","1751902216346","1"
"BHMBCCMKT01","18-10-2016 16:27:54","12.418630849220103","1751902216346","1"
"BHMBCCMKT01","07-10-2016 09:57:27","13.177296360485268","1751902216346","1"
"BHMBCCMKT01","26-10-2016 14:26:26","15.87842287694974","1751902216346","1"
"BHMBCCMKT01","20-11-2016 15:01:23","16.778249566724437","1751902216346","1"
"BHMBCCMKT01","31-10-2016 10:00:05","13.140467937608317","1751902216346","1"
"BHMBCCMKT01","23-10-2016 13:26:55","20.0","1751902216346","1"
"BHMBCCMKT01","14-12-2016 10:02:59","14.723310225303292","1751902216346","1"
"BHMBCCMKT01","06-10-2016 16:30:27","12.679462738301561","1751902216346","1"
"BHMBCCMKT01","07-11-2016 15:33:53","12.418630849220103","1751902216346","1"
"BHMBCCMKT01","27-10-2016 09:59:37","12.170970537261699","1751902216346","1"
"BHMBCCMKT01","17-11-2016 09:57:02","12.383968804159444","1751902216346","1"
"BHMBCCMKT01","10-10-2016 10:30:48","14.794800693240902","1751902216346","1"
"BHMBCCMKT01","10-11-2016 13:00:13","18.200606585788563","1751902216346","1"
"BHMBCCMKT01","04-11-2016 16:26:30","12.407798960138647","1751902216346","1"
"BHMBCCMKT01","08-10-2016 07:57:38","12.525649913344887","1751902216346","1"
"BHMBCCMKT01","23-10-2016 07:59:48","15.501819757365684","1751902216346","1"
"BHMBCCMKT01","26-11-2016 13:28:04","19.60051993067591","1751902216346","1"
"BHMBCCMKT01","09-12-2016 12:29:31","18.439774696707104","1751902216346","1"
"BHMBCCMKT01","09-11-2016 15:00:06","12.440294627383015","1751902216346","1"
"BHMBCCMKT01","24-10-2016 12:56:58","18.92894280762565","1751902216346","1"
"BHMBCCMKT01","27-10-2016 07:59:33","13.016984402079723","1751902216346","1"
"BHMBCCMKT01","28-10-2016 08:16:41","12.273483535528595","1751902216346","1"
"BHMBCCMKT01","16-10-2016 14:01:18","18.168284228769497","1751902216346","1"
"BHMBCCMKT01","18-12-2016 14:03:26","19.219410745233972","1751902216346","1"
"BHMBCCMKT01","26-11-2016 16:01:04","13.8763431542461","1751902216346","1"
"BHMBCCMKT01","16-10-2016 13:27:17","20.0","1751902216346","1"
"BHMBCCMKT01","27-10-2016 11:59:38","15.748440207972273","1751902216346","1"
"BHMBCCMKT01","27-11-2016 10:32:24","17.940814558058925","1751902216346","1"
"BHMBCCMKT01","29-11-2016 13:02:35","17.450606585788563","1751902216346","1"
"BHMBCCMKT01","26-10-2016 11:26:28","18.144280762564993","1751902216346","1"
"BHMBCCMKT01","05-11-2016 08:59:37","12.077816291161179","1751902216346","1"
"BHMBCCMKT01","18-12-2016 09:56:24","14.68899480069324","1751902216346","1"
"BHMBCCMKT01","30-11-2016 13:01:39","17.991941074523396","1751902216346","1"
"BHMBCCMKT01","13-10-2016 13:57:07","15.744107452339689","1751902216346","1"
"BHMBCCMKT01","30-11-2016 16:28:40","12.379636048526862","1751902216346","1"
"BHMBCCMKT01","25-10-2016 16:29:22","12.639601386481802","1751902216346","1"
"BHMBCCMKT01","07-11-2016 09:26:49","13.032149046793759","1751902216346","1"
"BHMBCCMKT01","05-10-2016 08:30:15","12.227816291161178","1751902216346","1"
"BHMBCCMKT01","08-12-2016 10:59:25","16.394454072790296","1751902216346","1"
"BHMBCCMKT01","07-10-2016 16:30:29","13.185961871750433","1751902216346","1"
"BHMBCCMKT01","22-10-2016 12:59:47","20.0","1751902216346","1"
"BHMBCCMKT01","13-12-2016 15:28:52","13.17946273830156","1751902216346","1"
"BHMBCCMKT01","25-11-2016 14:00:58","17.57339688041594","1751902216346","1"
"BHMBCCMKT01","07-11-2016 11:26:51","18.090121317157713","1751902216346","1"
"BHMBCCMKT01","06-10-2016 09:30:20","13.255805892547661","1751902216346","1"
"BHMBCCMKT01","17-10-2016 14:04:21","13.948786828422877","1751902216346","1"
"BHMBCCMKT01","17-11-2016 12:31:03","16.504939341421142","1751902216346","1"
"BHMBCCMKT01","05-10-2016 11:30:18","15.450953206239166","1751902216346","1"
"BHMBCCMKT01","03-11-2016 12:59:26","18.174610051993067","1751902216346","1"
"BHMBCCMKT01","02-12-2016 11:28:49","15.692114384748699","1751902216346","1"
"BHMBCCMKT01","08-10-2016 12:30:36","19.943240901213173","1751902216346","1"
"BHMBCCMKT01","11-10-2016 10:30:54","14.911785095320624","1751902216346","1"
"BHMBCCMKT01","20-11-2016 14:01:22","19.965077989601387","1751902216346","1"
"BHMBCCMKT01","24-10-2016 08:29:56","11.769150779896014","1751902216346","1"
"BHMBCCMKT01","09-11-2016 09:00:07","12.99315424610052","1751902216346","1"
"BHMBCCMKT01","11-12-2016 11:59:45","18.90095320623917","1751902216346","1"
"BHMBCCMKT01","01-12-2016 10:58:45","14.681455805892547","1751902216346","1"
"BHMBCCMKT01","20-11-2016 11:01:22","19.50580589254766","1751902216346","1"
"BHMBCCMKT01","05-12-2016 14:29:08","14.707452339688043","1751902216346","1"
"BHMBCCMKT01","05-12-2016 11:29:09","15.372963604852687","1751902216346","1"
"BHMBCCMKT01","31-10-2016 14:26:05","15.200779896013865","1751902216346","1"
"BHMBCCMKT01","03-11-2016 10:26:25","12.998960138648181","1751902216346","1"
"BHMBCCMKT01","09-12-2016 11:29:33","15.51161178509532","1751902216346","1"
"BHMBCCMKT01","07-10-2016 15:30:32","12.494454072790296","1751902216346","1"
"BHMBCCMKT01","12-10-2016 15:01:03","12.453292894280763","1751902216346","1"
"BHMBCCMKT01","08-10-2016 08:57:34","11.562478336221837","1751902216346","1"
"BHMBCCMKT01","25-10-2016 15:29:22","13.554246100519931","1751902216346","1"
"BHMBCCMKT01","07-11-2016 16:00:51","12.65779896013865","1751902216346","1"
"BHMBCCMKT01","11-12-2016 10:25:42","17.225823223570192","1751902216346","1"
"BHMBCCMKT01","18-12-2016 14:30:27","18.47157712305026","1751902216346","1"
"BHMBCCMKT01","26-11-2016 15:28:04","14.09367417677643","1751902216346","1"
"BHMBCCMKT01","20-11-2016 13:27:23","20.0","1751902216346","1"
"BHMBCCMKT01","07-10-2016 10:30:27","14.92261698440208","1751902216346","1"
"BHMBCCMKT01","02-12-2016 10:02:52","13.097140381282495","1751902216346","1"
"BHMBCCMKT01","16-10-2016 15:31:18","16.550779896013864","1751902216346","1"
"BHMBCCMKT01","17-10-2016 16:28:21","13.288301559792028","1751902216346","1"
"BHMBCCMKT01","26-10-2016 15:59:32","13.359272097053726","1751902216346","1"
"BHMBCCMKT01","22-11-2016 08:31:33","12.969324090121317","1751902216346","1"
"BHMBCCMKT01","13-11-2016 15:27:35","16.84410745233969","1751902216346","1"
"BHMBCCMKT01","18-10-2016 13:54:59","15.789601386481804","1751902216346","1"
"BHMBCCMKT01","06-11-2016 15:00:47","16.607105719237435","1751902216346","1"
"BHMBCCMKT01","06-10-2016 13:57:22","15.733275563258232","1751902216346","1"
"BHMBCCMKT01","25-11-2016 11:27:55","16.85155979202773","1751902216346","1"
"BHMBCCMKT01","09-12-2016 08:29:28","12.341161178509532","1751902216346","1"
"BHMBCCMKT01","14-10-2016 16:34:08","13.340294627383017","1751902216346","1"
"BHMBCCMKT01","06-11-2016 09:00:42","15.477989601386481","1751902216346","1"
"BHMBCCMKT01","24-11-2016 14:30:52","15.220277296360486","1751902216346","1"
"BHMBCCMKT01","22-11-2016 12:04:36","19.743934142114384","1751902216346","1"
"BHMBCCMKT01","26-11-2016 10:01:04","13.796620450606586","1751902216346","1"
"BHMBCCMKT01","16-12-2016 14:30:10","16.46161178509532","1751902216346","1"
"BHMBCCMKT01","15-10-2016 11:27:14","15.81776429809359","1751902216346","1"
"BHMBCCMKT01","16-12-2016 10:03:09","13.12530329289428","1751902216346","1"
"BHMBCCMKT01","15-10-2016 14:01:13","16.147053726169844","1751902216346","1"
"BHMBCCMKT01","15-12-2016 11:03:05","15.666117850953206","1751902216346","1"
"BHMBCCMKT01","11-12-2016 08:59:45","14.456499133448872","1751902216346","1"
"BHMBCCMKT01","13-11-2016 12:27:31","20.0","1751902216346","1"
"BHMBCCMKT01","27-10-2016 08:59:33","12.099480069324091","1751902216346","1"
"BHMBCCMKT01","11-11-2016 12:27:21","18.135615251299825","1751902216346","1"
"BHMBCCMKT01","06-12-2016 16:29:16","12.190467937608318","1751902216346","1"
"BHMBCCMKT01","20-11-2016 10:01:20","16.21065857885615","1751902216346","1"
"BHMBCCMKT01","15-11-2016 10:30:47","14.920450606585788","1751902216346","1"
"BHMBCCMKT01","16-10-2016 09:27:13","16.223483535528594","1751902216346","1"
"BHMBCCMKT01","06-12-2016 09:29:14","11.284488734835353","1751902216346","1"
"BHMBCCMKT01","02-11-2016 10:29:19","13.720797227036394","1751902216346","1"
"BHMBCCMKT01","16-11-2016 15:00:55","12.294454072790295","1751902216346","1"
"BHMBCCMKT01","09-10-2016 09:57:41","15.508318890814559","1751902216346","1"
"BHMBCCMKT01","02-12-2016 12:58:51","17.983275563258232","1751902216346","1"
"BHMBCCMKT01","09-10-2016 11:30:41","19.57296360485269","1751902216346","1"
"BHMBCCMKT01","22-10-2016 15:59:47","13.731889081455806","1751902216346","1"
"BHMBCCMKT01","12-11-2016 10:27:27","13.244454072790294","1751902216346","1"
"BHMBCCMKT01","04-10-2016 15:30:14","13.407452339688042","1751902216346","1"
"BHMBCCMKT01","03-11-2016 15:26:24","13.207625649913343","1751902216346","1"
"BHMBCCMKT01","17-12-2016 09:59:17","12.97946273830156","1751902216346","1"
"BHMBCCMKT01","12-11-2016 11:34:23","15.843760831889082","1751902216346","1"
"BHMBCCMKT01","08-10-2016 16:04:39","13.675389948006933","1751902216346","1"
"BHMBCCMKT01","11-12-2016 13:05:46","20.0","1751902216346","1"
"BHMBCCMKT01","07-12-2016 14:59:22","14.84679376083189","1751902216346","1"
"BHMBCCMKT01","11-11-2016 09:00:19","13.036481802426342","1751902216346","1"
"BHMBCCMKT01","15-11-2016 13:30:48","15.80476603119584","1751902216346","1"
"BHMBCCMKT01","21-11-2016 12:57:27","18.61629116117851","1751902216346","1"
"BHMBCCMKT01","07-12-2016 14:26:23","14.690121317157715","1751902216346","1"
"BHMBCCMKT01","13-12-2016 12:29:55","19.21793760831889","1751902216346","1"
"BHMBCCMKT01","30-11-2016 10:55:36","16.540294627383016","1751902216346","1"
"BHMBCCMKT01","11-12-2016 13:59:44","20.0","1751902216346","1"
"BHMBCCMKT01","16-11-2016 08:27:50","13.136655112651647","1751902216346","1"
"BHMBCCMKT01","26-10-2016 10:59:30","16.394454072790296","1751902216346","1"
"BHMBCCMKT01","02-12-2016 13:58:53","15.724610051993068","1751902216346","1"
"BHMBCCMKT01","18-11-2016 12:01:06","18.94410745233969","1751902216346","1"
"BHMBCCMKT01","05-11-2016 15:26:40","13.74488734835355","1751902216346","1"
"BHMBCCMKT01","16-12-2016 08:30:12","11.441161178509532","1751902216346","1"
"BHMBCCMKT01","15-11-2016 09:30:46","13.321143847487003","1751902216346","1"
"BHMBCCMKT01","19-10-2016 13:58:02","16.398786828422878","1751902216346","1"
"BHMBCCMKT01","07-11-2016 12:59:53","18.33362218370884","1751902216346","1"
"BHMBCCMKT01","07-10-2016 08:03:27","12.275649913344889","1751902216346","1"
"BHMBCCMKT01","11-11-2016 15:34:20","12.257625649913344","1751902216346","1"
"BHMBCCMKT01","08-10-2016 13:04:39","19.253899480069325","1751902216346","1"
"BHMBCCMKT01","14-12-2016 12:02:58","17.918284228769497","1751902216346","1"
"BHMBCCMKT01","14-11-2016 12:00:37","18.092287694974004","1751902216346","1"
"BHMBCCMKT01","23-11-2016 12:31:44","15.683448873483536","1751902216346","1"
"BHMBCCMKT01","02-12-2016 12:01:51","18.176776429809358","1751902216346","1"
"BHMBCCMKT01","01-12-2016 11:32:41","15.476949740034662","1751902216346","1"
"BHMBCCMKT01","01-12-2016 10:25:43","12.975129982668978","1751902216346","1"
"BHMBCCMKT01","29-10-2016 08:59:48","13.042980935875217","1751902216346","1"
"BHMBCCMKT01","16-11-2016 09:00:51","11.516984402079721","1751902216346","1"
"BHMBCCMKT01","01-12-2016 13:25:45","15.539774696707106","1751902216346","1"
"BHMBCCMKT01","23-10-2016 14:59:53","19.024436741767765","1751902216346","1"
"BHMBCCMKT01","07-10-2016 12:03:29","15.554939341421143","1751902216346","1"
"BHMBCCMKT01","30-11-2016 08:02:35","11.43682842287695","1751902216346","1"
"BHMBCCMKT01","25-11-2016 16:27:58","13.437261698440208","1751902216346","1"
"BHMBCCMKT01","25-11-2016 09:00:56","12.27998266897747","1751902216346","1"
"BHMBCCMKT01","07-11-2016 08:26:53","12.232322357019063","1751902216346","1"
"BHMBCCMKT01","05-10-2016 09:30:15","12.129809358752166","1751902216346","1"
"BHMBCCMKT01","13-10-2016 09:04:02","13.064644714038128","1751902216346","1"
"BHMBCCMKT01","16-12-2016 14:56:11","14.955112651646447","1751902216346","1"
"BHMBCCMKT01","10-10-2016 08:30:47","12.271317157712305","1751902216346","1"
"BHMBCCMKT01","23-11-2016 16:04:46","14.020970537261698","1751902216346","1"
"BHMBCCMKT01","18-11-2016 14:01:10","15.011438474870019","1751902216346","1"
"BHMBCCMKT01","26-10-2016 08:59:29","12.45164644714038","1751902216346","1"
"BHMBCCMKT01","07-12-2016 15:32:22","12.970797227036394","1751902216346","1"
"BHMBCCMKT01","13-12-2016 14:29:57","14.942114384748699","1751902216346","1"
"BHMBCCMKT01","05-11-2016 12:06:39","19.102253032928942","1751902216346","1"
"BHMBCCMKT01","05-12-2016 16:29:05","11.85580589254766","1751902216346","1"
"BHMBCCMKT01","06-12-2016 12:56:16","19.015597920277298","1751902216346","1"
"BHMBCCMKT01","09-10-2016 15:30:46","16.53994800693241","1751902216346","1"
"BHMBCCMKT01","08-11-2016 11:33:56","17.424610051993067","1751902216346","1"
"BHMBCCMKT01","07-12-2016 10:26:21","13.660138648180242","1751902216346","1"
"BHMBCCMKT01","10-11-2016 16:00:15","12.6184575389948","1751902216346","1"
"BHMBCCMKT01","19-12-2016 09:56:32","12.523483535528596","1751902216346","1"
"BHMBCCMKT01","19-11-2016 08:31:12","14.523656845753901","1751902216346","1"
"BHMBCCMKT01","03-11-2016 09:00:22","12.27998266897747","1751902216346","1"
"BHMBCCMKT01","19-11-2016 13:31:17","20.0","1751902216346","1"
"BHMBCCMKT01","28-10-2016 16:29:42","13.376603119584054","1751902216346","1"
"BHMBCCMKT01","17-10-2016 12:04:19","18.094454072790292","1751902216346","1"
"BHMBCCMKT01","06-11-2016 15:59:48","16.503119584055458","1751902216346","1"
"BHMBCCMKT01","11-11-2016 16:00:21","12.59896013864818","1751902216346","1"
"BHMBCCMKT01","18-12-2016 10:30:23","18.845320623916813","1751902216346","1"
"BHMBCCMKT01","26-11-2016 14:01:02","17.99367417677643","1751902216346","1"
"BHMBCCMKT01","07-12-2016 15:59:23","13.149133448873481","1751902216346","1"
"BHMBCCMKT01","06-10-2016 16:04:23","12.442461005199306","1751902216346","1"
"BHMBCCMKT01","24-11-2016 08:27:47","12.223656845753899","1751902216346","1"
"BHMBCCMKT01","06-12-2016 15:02:17","13.435615251299826","1751902216346","1"
"BHMBCCMKT01","07-10-2016 10:57:30","14.957279029462738","1751902216346","1"
"BHMBCCMKT01","29-11-2016 14:28:36","14.166117850953206","1751902216346","1"
"BHMBCCMKT01","04-11-2016 08:59:32","12.303812824956673","1751902216346","1"
"BHMBCCMKT01","03-11-2016 09:26:22","12.323310225303292","1751902216346","1"
"BHMBCCMKT01","07-11-2016 13:59:54","15.450953206239166","1751902216346","1"
"BHMBCCMKT01","23-11-2016 13:04:45","15.705112651646447","1751902216346","1"
"BHMBCCMKT01","15-12-2016 09:57:02","13.366637781629116","1751902216346","1"
"BHMBCCMKT01","19-11-2016 12:31:16","20.0","1751902216346","1"
"BHMBCCMKT01","22-11-2016 07:57:33","12.151993067590986","1751902216346","1"
"BHMBCCMKT01","30-10-2016 09:59:52","14.751819757365684","1751902216346","1"
"BHMBCCMKT01","31-10-2016 08:26:02","12.275649913344889","1751902216346","1"
"BHMBCCMKT01","05-12-2016 09:29:08","11.484488734835354","1751902216346","1"
"BHMBCCMKT01","18-11-2016 08:01:05","12.225823223570188","1751902216346","1"
"BHMBCCMKT01","16-12-2016 15:30:10","12.568110918544196","1751902216346","1"
"BHMBCCMKT01","17-10-2016 10:04:20","12.942634315424609","1751902216346","1"
"BHMBCCMKT01","13-11-2016 09:34:15","14.960658578856151","1751902216346","1"
"BHMBCCMKT01","14-11-2016 16:27:39","12.142807625649914","1751902216346","1"
"BHMBCCMKT01","10-11-2016 15:27:15","13.231455805892548","1751902216346","1"
"BHMBCCMKT01","19-10-2016 11:25:04","15.683448873483536","1751902216346","1"
"BHMBCCMKT01","08-10-2016 08:30:37","13.032149046793759","1751902216346","1"
"BHMBCCMKT01","19-11-2016 15:04:16","18.844194107452342","1751902216346","1"
"BHMBCCMKT01","12-12-2016 08:29:50","11.423830155979202","1751902216346","1"
"BHMBCCMKT01","09-12-2016 16:29:30","12.244627383015597","1751902216346","1"
"BHMBCCMKT01","14-10-2016 10:27:09","14.890121317157712","1751902216346","1"
"BHMBCCMKT01","26-11-2016 09:35:02","12.390467937608317","1751902216346","1"
"BHMBCCMKT01","19-11-2016 13:04:16","20.0","1751902216346","1"
"BHMBCCMKT01","18-11-2016 10:01:06","13.153466204506065","1751902216346","1"
"BHMBCCMKT01","09-12-2016 08:02:30","12.175996533795495","1751902216346","1"
"BHMBCCMKT01","11-12-2016 08:25:43","13.154332755632582","1751902216346","1"
"BHMBCCMKT01","17-10-2016 10:31:16","14.807798960138648","1751902216346","1"
"BHMBCCMKT01","20-11-2016 09:27:19","15.601993067590989","1751902216346","1"
"BHMBCCMKT01","24-11-2016 09:00:48","12.962651646447139","1751902216346","1"
"BHMBCCMKT01","18-11-2016 12:27:09","18.918110918544194","1751902216346","1"
"BHMBCCMKT01","12-12-2016 14:29:49","14.157452339688042","1751902216346","1"
"BHMBCCMKT01","25-10-2016 13:56:21","19.286395147313694","1751902216346","1"
"BHMBCCMKT01","14-10-2016 15:27:08","13.248786828422876","1751902216346","1"
"BHMBCCMKT01","04-11-2016 15:26:30","13.214124783362218","1751902216346","1"
"BHMBCCMKT01","12-10-2016 13:34:03","17.35528596187175","1751902216346","1"
"BHMBCCMKT01","17-10-2016 08:27:16","12.266984402079721","1751902216346","1"
"BHMBCCMKT01","06-12-2016 11:02:16","18.170277296360485","1751902216346","1"
"BHMBCCMKT01","19-11-2016 08:57:12","14.560485268630849","1751902216346","1"
"BHMBCCMKT01","16-10-2016 15:57:16","16.324783362218373","1751902216346","1"
"BHMBCCMKT01","08-10-2016 09:30:37","13.825303292894283","1751902216346","1"
"BHMBCCMKT01","05-12-2016 08:29:08","12.180329289428077","1751902216346","1"
"BHMBCCMKT01","14-10-2016 16:01:11","12.448960138648179","1751902216346","1"
"BHMBCCMKT01","18-10-2016 14:27:56","14.033275563258233","1751902216346","1"
"BHMBCCMKT01","05-12-2016 08:02:03","11.423830155979202","1751902216346","1"
"BHMBCCMKT01","19-12-2016 13:30:35","18.180415944540727","1751902216346","1"
"BHMBCCMKT01","28-10-2016 12:02:44","16.617590987868283","1751902216346","1"
"BHMBCCMKT01","18-12-2016 08:30:20","13.908665511265163","1751902216346","1"
"BHMBCCMKT01","19-10-2016 09:32:04","12.114644714038128","1751902216346","1"
"BHMBCCMKT01","11-11-2016 13:00:19","15.65528596187175","1751902216346","1"
"BHMBCCMKT01","22-11-2016 13:57:38","15.791767764298093","1751902216346","1"
"BHMBCCMKT01","16-11-2016 13:00:54","17.181282495667244","1751902216346","1"
"BHMBCCMKT01","19-10-2016 16:25:03","12.388301559792028","1751902216346","1"
"BHMBCCMKT01","14-10-2016 15:01:12","13.270450606585788","1751902216346","1"
"BHMBCCMKT01","12-12-2016 10:02:49","13.062478336221837","1751902216346","1"
"BHMBCCMKT01","01-11-2016 14:00:09","14.846100519930676","1751902216346","1"
"BHMBCCMKT01","31-10-2016 11:00:02","17.359618717504333","1751902216346","1"
"BHMBCCMKT01","12-11-2016 15:27:27","13.857538994800693","1751902216346","1"
"BHMBCCMKT01","20-11-2016 10:27:22","15.495320623916811","1751902216346","1"
"BHMBCCMKT01","11-12-2016 16:25:46","16.502426343154248","1751902216346","1"
"BHMBCCMKT01","04-11-2016 10:00:29","13.149133448873481","1751902216346","1"
"BHMBCCMKT01","22-10-2016 08:59:44","12.305979202772964","1751902216346","1"
"BHMBCCMKT01","14-11-2016 14:00:38","14.859792027729636","1751902216346","1"
"BHMBCCMKT01","24-11-2016 08:00:47","11.469324090121319","1751902216346","1"
"BHMBCCMKT01","09-11-2016 11:27:04","17.327123050259967","1751902216346","1"
"BHMBCCMKT01","23-11-2016 15:31:42","12.95779896013865","1751902216346","1"
"BHMBCCMKT01","06-12-2016 16:02:16","13.177296360485268","1751902216346","1"
"BHMBCCMKT01","08-12-2016 14:59:29","14.916117850953206","1751902216346","1"
"BHMBCCMKT01","18-10-2016 15:01:58","14.00745233968804","1751902216346","1"
"BHMBCCMKT01","08-10-2016 10:30:34","14.963778162911613","1751902216346","1"
"BHMBCCMKT01","02-11-2016 09:30:15","12.875476603119584","1751902216346","1"
"BHMBCCMKT01","16-12-2016 07:59:09","11.673830155979203","1751902216346","1"
"BHMBCCMKT01","10-11-2016 14:27:13","14.21161178509532","1751902216346","1"
"BHMBCCMKT01","13-12-2016 09:55:56","12.347140381282495","1751902216346","1"
"BHMBCCMKT01","16-11-2016 12:00:54","18.126949740034664","1751902216346","1"
"BHMBCCMKT01","11-12-2016 08:02:39","13.156499133448873","1751902216346","1"
"BHMBCCMKT01","07-12-2016 09:59:20","12.2973136915078","1751902216346","1"
"BHMBCCMKT01","24-10-2016 09:30:01","13.058145580589255","1751902216346","1"
"BHMBCCMKT01","05-11-2016 08:26:35","11.503986135181975","1751902216346","1"
"BHMBCCMKT01","10-10-2016 10:03:48","13.099306759098788","1751902216346","1"
"BHMBCCMKT01","22-10-2016 12:32:47","19.751906412478334","1751902216346","1"
"BHMBCCMKT01","08-10-2016 12:04:34","18.962911611785096","1751902216346","1"
"BHMBCCMKT01","19-11-2016 14:04:17","20.0","1751902216346","1"
"BHMBCCMKT01","17-12-2016 14:30:19","17.95320623916811","1751902216346","1"
"BHMBCCMKT01","10-10-2016 15:30:49","12.42946273830156","1751902216346","1"
"BHMBCCMKT01","13-11-2016 14:27:35","19.30476603119584","1751902216346","1"
"BHMBCCMKT01","02-11-2016 13:03:20","17.415944540727903","1751902216346","1"
"BHMBCCMKT01","09-10-2016 16:30:43","15.688128249566724","1751902216346","1"
"BHMBCCMKT01","18-10-2016 08:28:25","12.27998266897747","1751902216346","1"
"BHMBCCMKT01","26-11-2016 16:28:05","14.135355285961872","1751902216346","1"
"BHMBCCMKT01","18-12-2016 08:03:24","14.658665511265166","1751902216346","1"
"BHMBCCMKT01","22-11-2016 11:31:35","16.502772963604855","1751902216346","1"
"BHMBCCMKT01","10-12-2016 09:29:38","12.331975736568456","1751902216346","1"
"BHMBCCMKT01","14-10-2016 14:34:08","14.176949740034662","1751902216346","1"
"BHMBCCMKT01","17-11-2016 13:04:03","18.21360485268631","1751902216346","1"
"BHMBCCMKT01","29-10-2016 09:59:51","13.168630849220104","1751902216346","1"
"BHMBCCMKT01","16-10-2016 11:27:17","17.721317157712306","1751902216346","1"
"BHMBCCMKT01","25-11-2016 13:00:58","19.586221837088388","1751902216346","1"
"BHMBCCMKT01","30-11-2016 11:28:40","15.644454072790294","1751902216346","1"
"BHMBCCMKT01","14-12-2016 13:03:02","17.983275563258232","1751902216346","1"
"BHMBCCMKT01","01-11-2016 12:26:12","19.278596187175044","1751902216346","1"
"BHMBCCMKT01","25-10-2016 09:19:19","13.255805892547661","1751902216346","1"
"BHMBCCMKT01","29-11-2016 16:02:35","12.427296360485268","1751902216346","1"
"BHMBCCMKT01","11-12-2016 15:25:45","17.601906412478336","1751902216346","1"
"BHMBCCMKT01","09-12-2016 13:29:31","18.202772963604854","1751902216346","1"
"BHMBCCMKT01","02-12-2016 10:28:53","13.16429809358752","1751902216346","1"
"BHMBCCMKT01","25-10-2016 13:03:20","19.217071057192374","1751902216346","1"
"BHMBCCMKT01","15-11-2016 12:30:45","18.98093587521664","1751902216346","1"
"BHMBCCMKT01","04-11-2016 08:26:32","12.521317157712307","1751902216346","1"
"BHMBCCMKT01","29-10-2016 16:26:53","12.949393414211439","1751902216346","1"
"BHMBCCMKT01","31-10-2016 16:00:07","13.131629116117852","1751902216346","1"
"BHMBCCMKT01","07-11-2016 11:59:51","15.64012131715771","1751902216346","1"
"BHMBCCMKT01","11-10-2016 13:31:01","18.470103986135182","1751902216346","1"
"BHMBCCMKT01","13-12-2016 10:29:54","14.835961871750435","1751902216346","1"
"BHMBCCMKT01","08-12-2016 08:59:24","12.206325823223569","1751902216346","1"
"BHMBCCMKT01","13-10-2016 12:31:08","19.000433275563257","1751902216346","1"
"BHMBCCMKT01","24-10-2016 14:30:02","15.0157712305026","1751902216346","1"
"BHMBCCMKT01","25-10-2016 09:56:19","12.42946273830156","1751902216346","1"
"BHMBCCMKT01","08-11-2016 13:34:01","19.013431542461007","1751902216346","1"
"BHMBCCMKT01","06-10-2016 10:03:20","13.942461005199307","1751902216346","1"
"BHMBCCMKT01","12-11-2016 13:27:27","19.238734835355288","1751902216346","1"
"BHMBCCMKT01","01-12-2016 11:58:45","15.724610051993068","1751902216346","1"
"BHMBCCMKT01","05-11-2016 09:59:37","12.442461005199306","1751902216346","1"
"BHMBCCMKT01","24-11-2016 11:00:49","15.661785095320624","1751902216346","1"
"BHMBCCMKT01","22-11-2016 11:04:34","15.50727902946274","1751902216346","1"
"BHMBCCMKT01","29-11-2016 09:02:35","12.032322357019066","1751902216346","1"
"BHMBCCMKT01","05-11-2016 10:33:38","14.192114384748699","1751902216346","1"
"BHMBCCMKT01","11-10-2016 15:33:56","13.244454072790294","1751902216346","1"
"BHMBCCMKT01","14-11-2016 13:27:41","18.079289428076258","1751902216346","1"
"BHMBCCMKT01","21-11-2016 09:31:26","12.266984402079721","1751902216346","1"
"BHMBCCMKT01","29-11-2016 11:28:34","15.50727902946274","1751902216346","1"
"BHMBCCMKT01","20-11-2016 09:01:19","15.445493934142114","1751902216346","1"
"BHMBCCMKT01","19-12-2016 12:30:32","19.039428076256502","1751902216346","1"
"BHMBCCMKT01","16-11-2016 08:00:51","12.232322357019063","1751902216346","1"
"BHMBCCMKT01","12-11-2016 10:00:25","13.918630849220104","1751902216346","1"
"BHMBCCMKT01","16-10-2016 12:01:16","20.0","1751902216346","1"
"BHMBCCMKT01","19-12-2016 09:03:33","12.201993067590989","1751902216346","1"
"BHMBCCMKT01","08-11-2016 16:34:02","12.379636048526862","1751902216346","1"
"BHMBCCMKT01","10-10-2016 14:03:49","14.898786828422876","1751902216346","1"
"BHMBCCMKT01","08-11-2016 12:27:01","19.791594454072793","1751902216346","1"
"BHMBCCMKT01","13-10-2016 10:31:03","15.659618717504333","1751902216346","1"
"BHMBCCMKT01","27-11-2016 08:02:24","13.947660311958405","1751902216346","1"
"BHMBCCMKT01","04-11-2016 16:00:33","13.194627383015598","1751902216346","1"
"BHMBCCMKT01","10-12-2016 09:02:35","12.997487001733102","1751902216346","1"
"BHMBCCMKT01","07-12-2016 09:26:22","13.1236568457539","1751902216346","1"
"BHMBCCMKT01","08-12-2016 12:59:24","19.23310225303293","1751902216346","1"
"BHMBCCMKT01","27-10-2016 12:59:36","19.035095320623917","1751902216346","1"
"BHMBCCMKT01","02-11-2016 15:29:19","13.73162911611785","1751902216346","1"
"BHMBCCMKT01","11-10-2016 09:30:55","12.351473136915079","1751902216346","1"
"BHMBCCMKT01","25-11-2016 15:27:59","14.521403812824955","1751902216346","1"
"BHMBCCMKT01","05-10-2016 15:30:15","12.42946273830156","1751902216346","1"
"BHMBCCMKT01","28-10-2016 16:02:40","12.704592720970538","1751902216346","1"
"BHMBCCMKT01","15-10-2016 12:27:10","19.893414211438476","1751902216346","1"
"BHMBCCMKT01","06-10-2016 10:57:20","14.933448873483535","1751902216346","1"
"BHMBCCMKT01","01-12-2016 14:25:46","14.17478336221837","1751902216346","1"
"BHMBCCMKT01","28-11-2016 16:28:27","12.438128249566724","1751902216346","1"
"BHMBCCMKT01","11-12-2016 15:59:46","17.51741767764298","1751902216346","1"
"BHMBCCMKT01","01-12-2016 09:25:44","12.251819757365684","1751902216346","1"
"BHMBCCMKT01","10-12-2016 11:29:39","16.578596187175044","1751902216346","1"
"BHMBCCMKT01","23-11-2016 08:04:40","11.460658578856153","1751902216346","1"
"BHMBCCMKT01","09-10-2016 08:04:40","14.740987868284229","1751902216346","1"
"BHMBCCMKT01","14-11-2016 15:00:38","13.162131715771231","1751902216346","1"
"BHMBCCMKT01","31-10-2016 09:00:00","12.445147313691507","1751902216346","1"
"BHMBCCMKT01","16-10-2016 10:34:13","16.421317157712306","1751902216346","1"
"BHMBCCMKT01","26-10-2016 12:59:31","19.000433275563257","1751902216346","1"
"BHMBCCMKT01","10-12-2016 11:02:39","15.535441941074524","1751902216346","1"
"BHMBCCMKT01","30-11-2016 14:28:40","14.192114384748699","1751902216346","1"
"BHMBCCMKT01","05-12-2016 14:02:11","14.918284228769497","1751902216346","1"
"BHMBCCMKT01","26-10-2016 07:59:26","12.271317157712305","1751902216346","1"
"BHMBCCMKT01","27-11-2016 10:01:19","15.475823223570192","1751902216346","1"
"BHMBCCMKT01","23-10-2016 15:26:56","16.615771230502602","1751902216346","1"
"BHMBCCMKT01","28-10-2016 12:29:45","19.082755632582323","1751902216346","1"
"BHMBCCMKT01","07-11-2016 14:33:55","14.137954939341421","1751902216346","1"
"BHMBCCMKT01","19-10-2016 08:05:03","12.256152512998266","1751902216346","1"
"BHMBCCMKT01","18-12-2016 12:30:25","20.0","1751902216346","1"
"BHMBCCMKT01","19-10-2016 14:58:03","15.111958405545927","1751902216346","1"
"BHMBCCMKT01","09-12-2016 11:56:32","16.294107452339688","1751902216346","1"
"BHMBCCMKT01","08-10-2016 10:04:34","13.992287694974003","1751902216346","1"
"BHMBCCMKT01","23-10-2016 13:59:53","20.0","1751902216346","1"
"BHMBCCMKT01","23-11-2016 13:31:41","18.1421143847487","1751902216346","1"
"BHMBCCMKT01","17-11-2016 14:58:03","15.124956672443675","1751902216346","1"
"BHMBCCMKT01","05-11-2016 13:33:39","19.2603986135182","1751902216346","1"
"BHMBCCMKT01","01-11-2016 10:00:08","14.342461005199308","1751902216346","1"
"BHMBCCMKT01","14-12-2016 10:30:01","14.273136915077988","1751902216346","1"
"BHMBCCMKT01","17-12-2016 15:30:19","14.699046793760832","1751902216346","1"
"BHMBCCMKT01","24-11-2016 12:30:48","18.957105719237436","1751902216346","1"
"BHMBCCMKT01","27-11-2016 16:01:23","15.719930675909879","1751902216346","1"
"BHMBCCMKT01","21-11-2016 11:04:29","14.764471403812824","1751902216346","1"
"BHMBCCMKT01","07-10-2016 08:30:27","12.28214904679376","1751902216346","1"
"BHMBCCMKT01","08-11-2016 15:00:02","12.50311958405546","1751902216346","1"
"BHMBCCMKT01","11-11-2016 09:27:16","13.077642980935876","1751902216346","1"
"BHMBCCMKT01","22-10-2016 13:32:43","19.573223570190642","1751902216346","1"
"BHMBCCMKT01","05-11-2016 16:26:40","12.686568457538993","1751902216346","1"
"BHMBCCMKT01","26-11-2016 11:01:03","16.58509532062392","1751902216346","1"
"BHMBCCMKT01","29-10-2016 13:26:47","19.29722703639515","1751902216346","1"
"BHMBCCMKT01","11-12-2016 14:59:43","19.804072790294626","1751902216346","1"
"BHMBCCMKT01","18-10-2016 12:27:57","16.53526863084922","1751902216346","1"
"BHMBCCMKT01","09-11-2016 16:00:09","12.633968804159446","1751902216346","1"
"BHMBCCMKT01","28-11-2016 10:01:29","12.877642980935875","1751902216346","1"
"BHMBCCMKT01","08-12-2016 13:59:28","15.765771230502601","1751902216346","1"
"BHMBCCMKT01","18-12-2016 16:03:27","16.485095320623916","1751902216346","1"
"BHMBCCMKT01","06-11-2016 09:33:44","16.034488734835357","1751902216346","1"
"BHMBCCMKT01","13-12-2016 11:02:54","14.929116117850953","1751902216346","1"
"BHMBCCMKT01","24-10-2016 16:33:03","12.529116117850954","1751902216346","1"
"BHMBCCMKT01","02-11-2016 07:56:18","12.408318890814558","1751902216346","1"
"BHMBCCMKT01","30-11-2016 10:28:38","14.031802426343154","1751902216346","1"
"BHMBCCMKT01","17-10-2016 09:27:20","12.314644714038128","1751902216346","1"
"BHMBCCMKT01","27-10-2016 16:26:39","12.637435008665513","1751902216346","1"
"BHMBCCMKT01","15-11-2016 09:57:44","13.144800693240901","1751902216346","1"
"BHMBCCMKT01","05-12-2016 15:29:11","13.007625649913344","1751902216346","1"
"BHMBCCMKT01","12-10-2016 13:04:04","18.090121317157713","1751902216346","1"
"BHMBCCMKT01","19-12-2016 15:29:33","13.743587521663779","1751902216346","1"
"BHMBCCMKT01","19-12-2016 14:03:31","15.010745233968805","1751902216346","1"
"BHMBCCMKT01","28-10-2016 09:29:43","13.814471403812824","1751902216346","1"
"BHMBCCMKT01","22-10-2016 15:26:49","14.523050259965338","1751902216346","1"
"BHMBCCMKT01","15-12-2016 16:30:07","13.18162911611785","1751902216346","1"
"BHMBCCMKT01","16-12-2016 12:30:11","18.13778162911612","1751902216346","1"
"BHMBCCMKT01","18-10-2016 10:28:58","13.285615251299827","1751902216346","1"
"BHMBCCMKT01","17-10-2016 12:57:17","17.883622183708837","1751902216346","1"
"BHMBCCMKT01","26-11-2016 08:01:01","11.734488734835356","1751902216346","1"
"BHMBCCMKT01","16-12-2016 10:29:08","13.18162911611785","1751902216346","1"
"BHMBCCMKT01","12-11-2016 16:34:28","13.471230502599653","1751902216346","1"
"BHMBCCMKT01","24-10-2016 07:56:56","12.201819757365683","1751902216346","1"
"BHMBCCMKT01","27-10-2016 15:59:38","14.422097053726171","1751902216346","1"
"BHMBCCMKT01","29-10-2016 12:59:51","19.98223570190641","1751902216346","1"
"BHMBCCMKT01","05-12-2016 13:02:08","17.62261698440208","1751902216346","1"
"BHMBCCMKT01","21-11-2016 08:04:26","11.456325823223569","1751902216346","1"
"BHMBCCMKT01","24-10-2016 13:30:03","18.200606585788563","1751902216346","1"
"BHMBCCMKT01","14-10-2016 08:27:10","11.323483535528595","1751902216346","1"
"BHMBCCMKT01","30-10-2016 07:59:55","14.74315424610052","1751902216346","1"
"BHMBCCMKT01","18-10-2016 13:01:56","17.513431542461007","1751902216346","1"
"BHMBCCMKT01","09-12-2016 14:02:34","14.820103986135182","1751902216346","1"
"BHMBCCMKT01","24-10-2016 12:30:03","18.163778162911612","1751902216346","1"
"BHMBCCMKT01","08-10-2016 13:30:36","19.273396880415945","1751902216346","1"
"BHMBCCMKT01","02-12-2016 07:55:49","11.68899480069324","1751902216346","1"
"BHMBCCMKT01","28-11-2016 10:32:29","14.79263431542461","1751902216346","1"
"BHMBCCMKT01","09-12-2016 16:02:32","13.240121317157712","1751902216346","1"
"BHMBCCMKT01","31-10-2016 08:00:03","12.256152512998266","1751902216346","1"
"BHMBCCMKT01","18-12-2016 11:03:25","19.492807625649917","1751902216346","1"
"BHMBCCMKT01","29-11-2016 16:28:34","12.64696707105719","1751902216346","1"
"BHMBCCMKT01","13-11-2016 15:00:35","17.176603119584055","1751902216346","1"
"BHMBCCMKT01","18-11-2016 13:34:10","18.220103986135182","1751902216346","1"
"BHMBCCMKT01","06-11-2016 15:26:45","16.55727902946274","1751902216346","1"
"BHMBCCMKT01","29-10-2016 11:25:51","16.62842287694974","1751902216346","1"
"BHMBCCMKT01","09-11-2016 14:00:04","14.90311958405546","1751902216346","1"
"BHMBCCMKT01","17-11-2016 09:03:57","12.26048526863085","1751902216346","1"
"BHMBCCMKT01","08-11-2016 11:00:00","15.685615251299827","1751902216346","1"
"BHMBCCMKT01","29-10-2016 15:26:52","13.803379549393412","1751902216346","1"
"BHMBCCMKT01","09-12-2016 14:29:33","15.020103986135183","1751902216346","1"
"BHMBCCMKT01","11-10-2016 08:57:56","12.310311958405546","1751902216346","1"
"BHMBCCMKT01","06-11-2016 14:33:47","19.78743500866551","1751902216346","1"
"BHMBCCMKT01","27-11-2016 14:31:20","20.0","1751902216346","1"
"BHMBCCMKT01","30-10-2016 10:59:56","17.981975736568458","1751902216346","1"
"BHMBCCMKT01","09-11-2016 12:00:06","18.079289428076258","1751902216346","1"
"BHMBCCMKT01","14-10-2016 14:01:11","14.944280762564992","1751902216346","1"
"BHMBCCMKT01","12-11-2016 08:27:25","12.230155979202772","1751902216346","1"
"BHMBCCMKT01","05-10-2016 12:57:15","18.379116117850952","1751902216346","1"
"BHMBCCMKT01","24-11-2016 15:57:49","13.218457538994802","1751902216346","1"
"BHMBCCMKT01","12-11-2016 14:00:26","16.129722703639516","1751902216346","1"
"BHMBCCMKT01","22-10-2016 10:59:47","16.928942807625653","1751902216346","1"
"BHMBCCMKT01","15-10-2016 08:01:11","12.26481802426343","1751902216346","1"
"BHMBCCMKT01","19-10-2016 08:25:01","11.310485268630849","1751902216346","1"
"BHMBCCMKT01","28-11-2016 15:02:29","13.270450606585788","1751902216346","1"
"BHMBCCMKT01","22-11-2016 09:31:35","12.292980935875217","1751902216346","1"
"BHMBCCMKT01","16-11-2016 16:00:57","12.703292894280763","1751902216346","1"
"BHMBCCMKT01","17-10-2016 14:57:18","16.338128249566726","1751902216346","1"
"BHMBCCMKT01","14-12-2016 08:43:00","11.43899480069324","1751902216346","1"
"BHMBCCMKT01","16-10-2016 11:01:13","18.671317157712306","1751902216346","1"
"BHMBCCMKT01","28-10-2016 14:02:39","15.191247833622183","1751902216346","1"
"BHMBCCMKT01","20-11-2016 16:31:21","16.03994800693241","1751902216346","1"
"BHMBCCMKT01","11-10-2016 16:26:56","12.225129982668976","1751902216346","1"
"BHMBCCMKT01","05-11-2016 14:26:39","15.299566724436744","1751902216346","1"
"BHMBCCMKT01","03-11-2016 16:30:27","12.183968804159447","1751902216346","1"
"BHMBCCMKT01","18-11-2016 15:28:08","12.505285961871751","1751902216346","1"
"BHMBCCMKT01","07-10-2016 11:30:28","15.731109185441943","1751902216346","1"
"BHMBCCMKT01","11-12-2016 11:26:10","19.553466204506066","1751902216346","1"
"BHMBCCMKT01","07-10-2016 14:03:28","14.968110918544193","1751902216346","1"
"BHMBCCMKT01","13-10-2016 16:31:08","13.18162911611785","1751902216346","1"
"BHMBCCMKT01","03-11-2016 12:00:26","18.92244367417678","1751902216346","1"
"BHMBCCMKT01","15-12-2016 15:00:07","14.00528596187175","1751902216346","1"
"BHMBCCMKT01","27-10-2016 09:32:35","12.594974003466204","1751902216346","1"
"BHMBCCMKT01","09-10-2016 09:30:45","15.29315424610052","1751902216346","1"
"BHMBCCMKT01","24-10-2016 09:03:01","13.034315424610053","1751902216346","1"
"BHMBCCMKT01","11-12-2016 13:26:45","20.0","1751902216346","1"
"BHMBCCMKT01","14-12-2016 14:30:01","14.724783362218371","1751902216346","1"
"BHMBCCMKT01","05-10-2016 07:57:17","11.516984402079721","1751902216346","1"
"BHMBCCMKT01","19-12-2016 11:30:30","16.429116117850953","1751902216346","1"
"BHMBCCMKT01","12-12-2016 11:02:50","14.857625649913345","1751902216346","1"
"BHMBCCMKT01","20-11-2016 13:07:23","20.0","1751902216346","1"
"BHMBCCMKT01","19-12-2016 08:03:29","11.423830155979202","1751902216346","1"
"BHMBCCMKT01","09-11-2016 15:34:05","12.968630849220105","1751902216346","1"
"BHMBCCMKT01","11-11-2016 14:27:18","14.148786828422876","1751902216346","1"
"BHMBCCMKT01","14-12-2016 09:03:01","11.247660311958406","1751902216346","1"
"BHMBCCMKT01","05-10-2016 12:30:16","16.446447140381284","1751902216346","1"
"BHMBCCMKT01","08-12-2016 11:59:28","16.502772963604855","1751902216346","1"
"BHMBCCMKT01","22-11-2016 12:57:35","19.00693240901213","1751902216346","1"
"BHMBCCMKT01","22-10-2016 09:26:47","12.351473136915079","1751902216346","1"
"BHMBCCMKT01","29-11-2016 10:01:30","13.994974003466204","1751902216346","1"
"BHMBCCMKT01","25-10-2016 09:00:03","12.127642980935875","1751902216346","1"
"BHMBCCMKT01","12-12-2016 10:29:50","13.114471403812825","1751902216346","1"
"BHMBCCMKT01","10-10-2016 09:30:49","12.108145580589255","1751902216346","1"
"BHMBCCMKT01","19-10-2016 13:25:03","18.111785095320624","1751902216346","1"
"BHMBCCMKT01","25-11-2016 11:00:55","16.017071057192375","1751902216346","1"
"BHMBCCMKT01","09-11-2016 09:34:05","12.28214904679376","1751902216346","1"
"BHMBCCMKT01","18-10-2016 08:01:23","12.823483535528597","1751902216346","1"
"BHMBCCMKT01","10-11-2016 08:34:11","12.038821490467937","1751902216346","1"
"BHMBCCMKT01","14-11-2016 11:27:40","18.042461005199307","1751902216346","1"
"BHMBCCMKT01","23-11-2016 09:31:23","12.251819757365684","1751902216346","1"
"BHMBCCMKT01","10-12-2016 15:02:39","14.681195840554594","1751902216346","1"
"BHMBCCMKT01","07-11-2016 15:00:51","13.220623916811093","1751902216346","1"
"BHMBCCMKT01","11-10-2016 12:30:56","19.728769497400346","1751902216346","1"
"BHMBCCMKT01","09-10-2016 15:04:44","16.563778162911614","1751902216346","1"
"BHMBCCMKT01","05-11-2016 12:26:41","19.123916811091853","1751902216346","1"
"BHMBCCMKT01","05-11-2016 16:00:41","12.747227036395149","1751902216346","1"
"BHMBCCMKT01","06-11-2016 13:26:43","20.0","1751902216346","1"
"BHMBCCMKT01","21-11-2016 14:57:31","15.740467937608319","1751902216346","1"
"BHMBCCMKT01","20-11-2016 08:27:22","14.697660311958405","1751902216346","1"
"BHMBCCMKT01","28-10-2016 10:02:44","13.192461005199307","1751902216346","1"
"BHMBCCMKT01","17-12-2016 13:00:18","18.314731369150778","1751902216346","1"
"BHMBCCMKT01","28-10-2016 13:29:45","18.34575389948007","1751902216346","1"
"BHMBCCMKT01","19-12-2016 08:30:28","11.43682842287695","1751902216346","1"
"BHMBCCMKT01","05-11-2016 09:26:38","13.994974003466204","1751902216346","1"
"BHMBCCMKT01","01-11-2016 11:00:09","18.150779896013866","1751902216346","1"
"BHMBCCMKT01","17-12-2016 08:26:15","11.456325823223569","1751902216346","1"
"BHMBCCMKT01","26-11-2016 10:35:03","14.972443674176777","1751902216346","1"
"BHMBCCMKT01","09-10-2016 11:57:46","19.62062391681109","1751902216346","1"
"BHMBCCMKT01","15-11-2016 08:57:45","11.301819757365685","1751902216346","1"
"BHMBCCMKT01","28-10-2016 08:56:40","12.44948006932409","1751902216346","1"
"BHMBCCMKT01","19-10-2016 08:58:05","12.077816291161179","1751902216346","1"
"BHMBCCMKT01","06-10-2016 07:57:25","12.225649913344887","1751902216346","1"
"BHMBCCMKT01","09-11-2016 08:00:02","12.219324090121317","1751902216346","1"
"BHMBCCMKT01","10-11-2016 12:27:14","18.200606585788563","1751902216346","1"
"BHMBCCMKT01","26-10-2016 13:59:26","16.8632582322357","1751902216346","1"
"BHMBCCMKT01","13-11-2016 16:00:32","16.668284228769497","1751902216346","1"
"BHMBCCMKT01","17-12-2016 09:00:13","12.26048526863085","1751902216346","1"
"BHMBCCMKT01","19-12-2016 15:03:34","14.299913344887347","1751902216346","1"
"BHMBCCMKT01","15-12-2016 12:00:02","18.7657712305026","1751902216346","1"
"BHMBCCMKT01","16-12-2016 11:56:10","15.681282495667244","1751902216346","1"
"BHMBCCMKT01","15-12-2016 08:30:06","11.441161178509532","1751902216346","1"
"BHMBCCMKT01","28-11-2016 11:32:28","16.45511265164645","1751902216346","1"
"BHMBCCMKT01","24-10-2016 15:32:59","13.152772963604853","1751902216346","1"
"BHMBCCMKT01","19-10-2016 15:32:05","12.225129982668976","1751902216346","1"
"BHMBCCMKT01","10-12-2016 13:29:39","19.383882149046798","1751902216346","1"
"BHMBCCMKT01","25-10-2016 14:29:23","17.290727902946273","1751902216346","1"
"BHMBCCMKT01","12-12-2016 11:29:51","15.64012131715771","1751902216346","1"
"BHMBCCMKT01","10-12-2016 09:55:38","13.168630849220104","1751902216346","1"
"BHMBCCMKT01","04-10-2016 14:29:49","14.2657712305026","1751902216346","1"
"BHMBCCMKT01","14-11-2016 16:00:39","12.17313691507799","1751902216346","1"
"BHMBCCMKT01","30-11-2016 12:01:36","18.144280762564993","1751902216346","1"
"BHMBCCMKT01","18-11-2016 11:01:06","15.720277296360486","1751902216346","1"
"BHMBCCMKT01","01-12-2016 08:25:46","11.447660311958405","1751902216346","1"
"BHMBCCMKT01","01-11-2016 10:26:11","13.803119584055459","1751902216346","1"
"BHMBCCMKT01","30-10-2016 13:06:59","20.0","1751902216346","1"
"BHMBCCMKT01","12-12-2016 15:56:51","12.199133448873482","1751902216346","1"
"BHMBCCMKT01","14-10-2016 12:01:11","18.98526863084922","1751902216346","1"
"BHMBCCMKT01","06-10-2016 11:30:22","15.713778162911611","1751902216346","1"
"BHMBCCMKT01","04-10-2016 09:59:48","13.224956672443673","1751902216346","1"
"BHMBCCMKT01","12-10-2016 16:31:05","12.640467937608319","1751902216346","1"
"BHMBCCMKT01","21-11-2016 09:04:26","11.484488734835354","1751902216346","1"
"BHMBCCMKT01","25-10-2016 15:56:25","13.291421143847488","1751902216346","1"
"BHMBCCMKT01","09-10-2016 13:30:42","20.0","1751902216346","1"
"BHMBCCMKT01","25-11-2016 13:27:56","19.331889081455806","1751902216346","1"
"BHMBCCMKT01","19-11-2016 11:31:15","20.0","1751902216346","1"
"BHMBCCMKT01","16-11-2016 11:00:51","15.872790294627384","1751902216346","1"
"BHMBCCMKT01","11-11-2016 08:00:17","12.234488734835356","1751902216346","1"
"BHMBCCMKT01","01-12-2016 13:58:48","15.711611785095322","1751902216346","1"
"BHMBCCMKT01","22-11-2016 15:57:37","14.09679376083189","1751902216346","1"
"BHMBCCMKT01","20-11-2016 12:01:20","20.0","1751902216346","1"
"BHMBCCMKT01","04-11-2016 13:00:30","17.370450606585788","1751902216346","1"
"BHMBCCMKT01","05-12-2016 09:02:08","12.206325823223569","1751902216346","1"
"BHMBCCMKT01","15-12-2016 07:57:02","11.430329289428077","1751902216346","1"
"BHMBCCMKT01","20-11-2016 12:34:23","20.0","1751902216346","1"
"BHMBCCMKT01","24-10-2016 12:02:57","18.12478336221837","1751902216346","1"
"BHMBCCMKT01","10-10-2016 09:04:47","11.790814558058926","1751902216346","1"
"BHMBCCMKT01","25-10-2016 13:29:24","19.247400346620452","1751902216346","1"
"BHMBCCMKT01","06-12-2016 08:56:10","11.447660311958405","1751902216346","1"
"BHMBCCMKT01","01-11-2016 08:26:07","12.266984402079721","1751902216346","1"
"BHMBCCMKT01","16-12-2016 11:03:08","17.33145580589255","1751902216346","1"
"BHMBCCMKT01","27-10-2016 12:26:35","19.530935875216638","1751902216346","1"
"BHMBCCMKT01","10-12-2016 15:25:39","13.692201039861352","1751902216346","1"
"BHMBCCMKT01","14-12-2016 15:56:02","12.464124783362218","1751902216346","1"
"BHMBCCMKT01","26-10-2016 14:59:30","15.645927209705373","1751902216346","1"
"BHMBCCMKT01","10-12-2016 07:59:34","11.815164644714038","1751902216346","1"
"BHMBCCMKT01","25-11-2016 09:27:55","13.129636048526862","1751902216346","1"
"BHMBCCMKT01","06-10-2016 08:30:20","11.536481802426344","1751902216346","1"
"BHMBCCMKT01","03-11-2016 14:26:23","14.183448873483535","1751902216346","1"
"BHMBCCMKT01","19-12-2016 13:03:30","19.10008665511265","1751902216346","1"
"BHMBCCMKT01","07-12-2016 16:32:23","11.623136915077989","1751902216346","1"
"BHMBCCMKT01","19-12-2016 10:30:33","14.010138648180241","1751902216346","1"
"BHMBCCMKT01","19-12-2016 16:30:35","13.318110918544193","1751902216346","1"
"BHMBCCMKT01","02-11-2016 08:30:14","11.512651646447141","1751902216346","1"
"BHMBCCMKT01","01-12-2016 16:25:44","12.383968804159444","1751902216346","1"
"BHMBCCMKT01","18-12-2016 11:30:22","20.0","1751902216346","1"
"BHMBCCMKT01","08-10-2016 14:30:35","15.416551126516465","1751902216346","1"
"BHMBCCMKT01","11-10-2016 08:04:57","12.671317157712306","1751902216346","1"
"BHMBCCMKT01","17-10-2016 14:31:21","14.3684575389948","1751902216346","1"
"BHMBCCMKT01","05-10-2016 13:57:20","15.476949740034662","1751902216346","1"
"BHMBCCMKT01","12-11-2016 08:00:26","11.471490467937608","1751902216346","1"
"BHMBCCMKT01","23-10-2016 12:26:51","20.0","1751902216346","1"
"BHMBCCMKT01","13-10-2016 14:31:06","14.942114384748699","1751902216346","1"
"BHMBCCMKT01","17-12-2016 15:57:15","15.17105719237435","1751902216346","1"
"BHMBCCMKT01","24-11-2016 13:57:51","16.51360485268631","1751902216346","1"
"BHMBCCMKT01","15-10-2016 13:01:14","19.019237435008666","1751902216346","1"
"BHMBCCMKT01","30-10-2016 07:59:55","15.49315424610052","1751902216346","1"
"BHMBCCMKT01","18-11-2016 16:01:10","12.483622183708839","1751902216346","1"
"BHMBCCMKT01","17-12-2016 16:30:16","13.671230502599654","1751902216346","1"
"BHMBCCMKT01","10-12-2016 12:55:40","20.0","1751902216346","1"
"BHMBCCMKT01","17-10-2016 09:01:17","11.542980935875216","1751902216346","1"
"BHMBCCMKT01","28-11-2016 13:31:29","18.98526863084922","1751902216346","1"
"BHMBCCMKT01","15-11-2016 11:03:48","15.752772963604853","1751902216346","1"
"BHMBCCMKT01","17-11-2016 12:04:02","18.952772963604854","1751902216346","1"
"BHMBCCMKT01","06-11-2016 10:59:45","17.76681109185442","1751902216346","1"
"BHMBCCMKT01","01-12-2016 12:25:45","18.163778162911612","1751902216346","1"
"BHMBCCMKT01","08-11-2016 16:01:02","12.225129982668976","1751902216346","1"
"BHMBCCMKT01","06-11-2016 10:00:43","16.249653379549393","1751902216346","1"
"BHMBCCMKT01","12-11-2016 15:00:28","14.87270363951473","1751902216346","1"
"BHMBCCMKT01","06-11-2016 10:26:46","16.06481802426343","1751902216346","1"
"BHMBCCMKT01","26-11-2016 12:28:02","20.0","1751902216346","1"
"BHMBCCMKT01","14-11-2016 15:27:42","13.144800693240901","1751902216346","1"
"BHMBCCMKT01","26-10-2016 15:26:30","13.415597920277296","1751902216346","1"
"BHMBCCMKT01","04-11-2016 09:33:32","12.360138648180241","1751902216346","1"
"BHMBCCMKT01","25-10-2016 10:56:23","14.787608318890815","1751902216346","1"
"BHMBCCMKT01","11-11-2016 08:27:19","12.240987868284229","1751902216346","1"
"BHMBCCMKT01","24-10-2016 16:00:04","12.365944540727902","1751902216346","1"
"BHMBCCMKT01","15-10-2016 09:27:11","13.118804159445407","1751902216346","1"
"BHMBCCMKT01","12-12-2016 09:29:48","12.236655112651647","1751902216346","1"
"BHMBCCMKT01","02-12-2016 09:01:49","12.236655112651647","1751902216346","1"
"BHMBCCMKT01","08-10-2016 14:03:38","15.205719237435009","1751902216346","1"
"BHMBCCMKT01","30-11-2016 15:28:40","13.435961871750433","1751902216346","1"
"BHMBCCMKT01","16-10-2016 16:31:17","15.733622183708839","1751902216346","1"
"BHMBCCMKT01","15-11-2016 14:03:46","15.337261698440209","1751902216346","1"
"BHMBCCMKT01","19-10-2016 15:59:01","13.153466204506065","1751902216346","1"
"BHMBCCMKT01","02-11-2016 13:30:18","18.15727902946274","1751902216346","1"
"BHMBCCMKT01","05-10-2016 16:30:17","12.546967071057193","1751902216346","1"
"BHMBCCMKT01","12-11-2016 13:00:28","18.44540727902946","1751902216346","1"
"BHMBCCMKT01","30-11-2016 09:01:35","12.225823223570188","1751902216346","1"
"BHMBCCMKT01","11-11-2016 14:00:21","14.168284228769497","1751902216346","1"
"BHMBCCMKT01","16-12-2016 16:03:11","13.263951473136915","1751902216346","1"
"BHMBCCMKT01","13-10-2016 11:57:06","15.798266897746966","1751902216346","1"
"BHMBCCMKT01","15-12-2016 09:03:06","12.217157712305028","1751902216346","1"
"BHMBCCMKT01","13-10-2016 07:57:02","12.275649913344889","1751902216346","1"
"BHMBCCMKT01","09-12-2016 15:29:34","13.950953206239166","1751902216346","1"
"BHMBCCMKT01","17-11-2016 14:30:59","15.679116117850953","1751902216346","1"
"BHMBCCMKT01","30-10-2016 14:32:54","18.19644714038128","1751902216346","1"
"BHMBCCMKT01","30-10-2016 08:25:53","14.745320623916811","1751902216346","1"
"BHMBCCMKT01","14-12-2016 16:30:00","13.590294627383015","1751902216346","1"
"BHMBCCMKT01","07-11-2016 16:33:53","12.405632582322356","1751902216346","1"
"BHMBCCMKT01","15-12-2016 13:00:07","18.024436741767765","1751902216346","1"
"BHMBCCMKT01","16-11-2016 14:00:55","13.994280762564992","1751902216346","1"
"BHMBCCMKT01","23-11-2016 11:04:42","15.377296360485268","1751902216346","1"
"BHMBCCMKT01","09-11-2016 10:27:03","13.881802426343155","1751902216346","1"
"BHMBCCMKT01","02-11-2016 16:30:18","12.399133448873483","1751902216346","1"
"BHMBCCMKT01","27-11-2016 08:32:19","14.497660311958406","1751902216346","1"
"BHMBCCMKT01","26-11-2016 11:28:02","15.945580589254767","1751902216346","1"
"BHMBCCMKT01","02-11-2016 14:30:16","14.170450606585788","1751902216346","1"
"BHMBCCMKT01","06-11-2016 11:59:43","18.818630849220103","1751902216346","1"
"BHMBCCMKT01","25-10-2016 08:00:03","12.266984402079721","1751902216346","1"
"BHMBCCMKT01","13-10-2016 16:04:08","12.685961871750433","1751902216346","1"
"BHMBCCMKT01","09-11-2016 14:27:08","14.129289428076257","1751902216346","1"
"BHMBCCMKT01","31-10-2016 13:59:47","17.20944540727903","1751902216346","1"
"BHMBCCMKT01","28-11-2016 14:32:29","15.731109185441943","1751902216346","1"
"BHMBCCMKT01","17-12-2016 12:00:17","18.958578856152513","1751902216346","1"
"BHMBCCMKT01","17-11-2016 09:31:01","13.049480069324089","1751902216346","1"
"BHMBCCMKT01","17-12-2016 13:27:17","19.31889081455806","1751902216346","1"
"BHMBCCMKT01","19-12-2016 11:03:31","14.840294627383015","1751902216346","1"
"BHMBCCMKT01","17-12-2016 07:59:15","11.43682842287695","1751902216346","1"
"BHMBCCMKT01","01-11-2016 12:00:08","19.01776429809359","1751902216346","1"
"BHMBCCMKT01","11-11-2016 10:00:16","13.16429809358752","1751902216346","1"
"BHMBCCMKT01","12-10-2016 09:03:59","12.288648180242634","1751902216346","1"
"BHMBCCMKT01","02-11-2016 14:03:20","14.207279029462738","1751902216346","1"
"BHMBCCMKT01","28-10-2016 10:29:41","13.270450606585788","1751902216346","1"
"BHMBCCMKT01","29-10-2016 14:59:51","15.996880415944542","1751902216346","1"
"BHMBCCMKT01","09-11-2016 11:00:04","15.581629116117849","1751902216346","1"
"BHMBCCMKT01","13-11-2016 08:00:29","13.949826689774696","1751902216346","1"
"BHMBCCMKT01","19-10-2016 14:32:03","14.137954939341421","1751902216346","1"
"BHMBCCMKT01","23-11-2016 13:57:41","15.683448873483536","1751902216346","1"
"BHMBCCMKT01","30-11-2016 15:01:39","13.233622183708839","1751902216346","1"
"BHMBCCMKT01","14-10-2016 08:01:05","12.26481802426343","1751902216346","1"
"BHMBCCMKT01","16-12-2016 11:30:10","15.659618717504333","1751902216346","1"
"BHMBCCMKT01","25-11-2016 10:00:56","14.130935875216636","1751902216346","1"
"BHMBCCMKT01","12-10-2016 09:26:58","12.308145580589255","1751902216346","1"
"BHMBCCMKT01","07-10-2016 09:30:27","12.373136915077989","1751902216346","1"
"BHMBCCMKT01","11-10-2016 10:57:55","14.233275563258232","1751902216346","1"
"BHMBCCMKT01","23-10-2016 09:59:52","15.316984402079722","1751902216346","1"
"BHMBCCMKT01","19-11-2016 07:57:12","14.712824956672444","1751902216346","1"
"BHMBCCMKT01","23-10-2016 11:26:49","19.531802426343155","1751902216346","1"
"BHMBCCMKT01","13-12-2016 14:56:52","14.144454072790293","1751902216346","1"
"BHMBCCMKT01","15-12-2016 13:26:08","18.94844020797227","1751902216346","1"
"BHMBCCMKT01","16-10-2016 15:01:18","16.565944540727905","1751902216346","1"
"BHMBCCMKT01","15-11-2016 15:30:49","14.142287694974003","1751902216346","1"
"BHMBCCMKT01","04-11-2016 11:33:31","17.387781629116116","1751902216346","1"
"BHMBCCMKT01","30-10-2016 11:59:58","18.814298093587524","1751902216346","1"
"BHMBCCMKT01","28-10-2016 15:29:41","13.482755632582322","1751902216346","1"
"BHMBCCMKT01","29-11-2016 15:28:35","12.998960138648181","1751902216346","1"
"BHMBCCMKT01","02-11-2016 11:56:19","16.416117850953206","1751902216346","1"
"BHMBCCMKT01","17-11-2016 15:30:59","12.444627383015598","1751902216346","1"
"BHMBCCMKT01","12-12-2016 14:02:50","16.448613518197575","1751902216346","1"
"BHMBCCMKT01","26-10-2016 09:26:27","13.338474870017333","1751902216346","1"
"BHMBCCMKT01","21-11-2016 10:31:26","13.999306759098786","1751902216346","1"
"BHMBCCMKT01","24-11-2016 09:34:49","13.075476603119585","1751902216346","1"
"BHMBCCMKT01","14-10-2016 11:01:07","15.744107452339689","1751902216346","1"
"BHMBCCMKT01","01-12-2016 15:25:42","13.981455805892548","1751902216346","1"
"BHMBCCMKT01","05-11-2016 13:00:37","16.767071057192375","1751902216346","1"
"BHMBCCMKT01","05-10-2016 16:04:18","13.162131715771231","1751902216346","1"
"BHMBCCMKT01","14-10-2016 13:01:11","18.194107452339686","1751902216346","1"
"BHMBCCMKT01","29-10-2016 13:59:51","16.642894280762565","1751902216346","1"
"BHMBCCMKT01","13-12-2016 16:29:56","12.340641247833622","1751902216346","1"
"BHMBCCMKT01","13-12-2016 13:02:55","18.241767764298093","1751902216346","1"
"BHMBCCMKT01","02-12-2016 13:25:52","17.689774696707104","1751902216346","1"
"BHMBCCMKT01","29-10-2016 09:26:50","13.097140381282495","1751902216346","1"
"BHMBCCMKT01","06-11-2016 13:59:46","20.0","1751902216346","1"
"BHMBCCMKT01","04-10-2016 10:26:49","14.033448873483536","1751902216346","1"
"BHMBCCMKT01","07-12-2016 12:26:21","18.12261698440208","1751902216346","1"
"BHMBCCMKT01","17-12-2016 11:00:17","15.765771230502601","1751902216346","1"
"BHMBCCMKT01","17-12-2016 11:33:16","15.869757365684576","1751902216346","1"
"BHMBCCMKT01","16-10-2016 10:04:13","17.023483535528598","1751902216346","1"
"BHMBCCMKT01","31-10-2016 15:00:03","13.396620450606584","1751902216346","1"
"BHMBCCMKT01","23-10-2016 10:26:53","16.829982668977472","1751902216346","1"
"BHMBCCMKT01","28-10-2016 08:16:41","11.773483535528598","1751902216346","1"
"BHMBCCMKT01","10-12-2016 08:29:33","12.330329289428077","1751902216346","1"
"BHMBCCMKT01","04-10-2016 16:31:14","12.459792027729634","1751902216346","1"
"BHMBCCMKT01","03-11-2016 08:00:22","12.660485268630847","1751902216346","1"
"BHMBCCMKT01","05-10-2016 12:04:14","18.38561525129983","1751902216346","1"
"BHMBCCMKT01","17-12-2016 15:03:18","13.859705372616984","1751902216346","1"
"BHMBCCMKT01","20-11-2016 11:27:22","19.577296360485267","1751902216346","1"
"BHMBCCMKT01","19-10-2016 11:59:05","15.692114384748699","1751902216346","1"
"BHMBCCMKT01","22-11-2016 10:04:34","13.151299826689776","1751902216346","1"
"BHMBCCMKT01","05-11-2016 13:59:41","16.63206239168111","1751902216346","1"
"BHMBCCMKT01","14-12-2016 09:29:57","11.490987868284229","1751902216346","1"
"BHMBCCMKT01","25-10-2016 08:26:08","12.269150779896014","1751902216346","1"
"BHMBCCMKT01","27-10-2016 14:59:37","15.126256499133447","1751902216346","1"
"BHMBCCMKT01","26-10-2016 11:59:29","15.72894280762565","1751902216346","1"
"BHMBCCMKT01","05-11-2016 08:00:35","12.04315424610052","1751902216346","1"
"BHMBCCMKT01","13-10-2016 15:04:08","13.250953206239169","1751902216346","1"
"BHMBCCMKT01","17-11-2016 10:31:02","16.566291161178512","1751902216346","1"
"BHMBCCMKT01","29-10-2016 14:26:50","15.910225303292895","1751902216346","1"
"BHMBCCMKT01","21-11-2016 11:30:28","15.549133448873484","1751902216346","1"
"BHMBCCMKT01","10-11-2016 16:27:13","12.244627383015597","1751902216346","1"
"BHMBCCMKT01","24-11-2016 12:00:50","16.483275563258232","1751902216346","1"
"BHMBCCMKT01","10-10-2016 14:57:54","14.646793760831889","1751902216346","1"
"BHMBCCMKT01","23-10-2016 15:59:54","16.537781629116118","1751902216346","1"
"BHMBCCMKT01","05-12-2016 10:03:04","13.786481802426342","1751902216346","1"
"BHMBCCMKT01","18-10-2016 09:01:23","12.455979202772964","1751902216346","1"
"BHMBCCMKT01","21-11-2016 08:31:30","11.269324090121318","1751902216346","1"
"BHMBCCMKT01","11-10-2016 09:57:59","12.42946273830156","1751902216346","1"
"BHMBCCMKT01","10-10-2016 11:30:48","15.622790294627382","1751902216346","1"
"BHMBCCMKT01","19-12-2016 12:03:32","18.767937608318892","1751902216346","1"
"BHMBCCMKT01","13-11-2016 13:07:31","20.0","1751902216346","1"
"BHMBCCMKT01","18-11-2016 08:01:05","11.725823223570192","1751902216346","1"
"BHMBCCMKT01","08-12-2016 15:59:27","13.44896013864818","1751902216346","1"
"BHMBCCMKT01","07-12-2016 08:26:20","11.432495667244368","1751902216346","1"
"BHMBCCMKT01","28-11-2016 14:02:29","15.252772963604853","1751902216346","1"
"BHMBCCMKT01","04-10-2016 11:59:44","15.861091854419412","1751902216346","1"
"BHMBCCMKT01","18-10-2016 15:27:59","12.490121317157712","1751902216346","1"
"BHMBCCMKT01","03-11-2016 13:26:26","18.413778162911612","1751902216346","1"
"BHMBCCMKT01","06-10-2016 15:04:22","13.042287694974002","1751902216346","1"
"BHMBCCMKT01","07-10-2016 15:04:30","13.27261698440208","1751902216346","1"
"BHMBCCMKT01","07-11-2016 13:33:52","17.148786828422878","1751902216346","1"
"BHMBCCMKT01","22-11-2016 10:31:37","14.133622183708837","1751902216346","1"
"BHMBCCMKT01","04-11-2016 12:33:34","18.144280762564993","1751902216346","1"
"BHMBCCMKT01","07-12-2016 12:59:22","18.135615251299825","1751902216346","1"
"BHMBCCMKT01","10-11-2016 13:34:14","18.933275563258235","1751902216346","1"
"BHMBCCMKT01","18-12-2016 12:03:23","20.0","1751902216346","1"
"BHMBCCMKT01","28-11-2016 11:01:30","15.6184575389948","1751902216346","1"
"BHMBCCMKT01","26-11-2016 12:01:04","20.0","1751902216346","1"
"BHMBCCMKT01","22-10-2016 11:32:43","15.81776429809359","1751902216346","1"
"BHMBCCMKT01","15-11-2016 11:30:46","16.339601386481803","1751902216346","1"
"BHMBCCMKT01","19-12-2016 16:03:35","12.648266897746968","1751902216346","1"
"BHMBCCMKT01","15-11-2016 12:57:48","18.99826689774697","1751902216346","1"
"BHMBCCMKT01","20-11-2016 08:01:19","14.693327556325823","1751902216346","1"
"BHMBCCMKT01","31-10-2016 12:26:06","18.18110918544194","1751902216346","1"
"BHMBCCMKT01","25-11-2016 08:00:57","12.245320623916811","1751902216346","1"
"BHMBCCMKT01","16-12-2016 13:30:12","18.400779896013866","1751902216346","1"
"BHMBCCMKT01","10-11-2016 14:00:15","14.985441941074525","1751902216346","1"
"BHMBCCMKT01","17-11-2016 11:31:02","17.952946273830154","1751902216346","1"
"BHMBCCMKT01","24-11-2016 11:27:51","16.25511265164645","1751902216346","1"
"BHMBCCMKT01","09-12-2016 08:55:33","12.358492201039862","1751902216346","1"
"BHMBCCMKT01","15-11-2016 16:30:46","12.946967071057195","1751902216346","1"
"BHMBCCMKT01","27-10-2016 14:26:38","17.606585788561524","1751902216346","1"
"BHMBCCMKT01","26-11-2016 14:41:04","17.291334488734837","1751902216346","1"
"BHMBCCMKT01","12-10-2016 10:31:04","14.042634315424609","1751902216346","1"
"BHMBCCMKT01","05-12-2016 12:29:10","16.398786828422878","1751902216346","1"
"BHMBCCMKT01","19-10-2016 09:58:04","12.627469670710571","1751902216346","1"
"BHMBCCMKT01","18-11-2016 09:27:07","12.108145580589255","1751902216346","1"
"BHMBCCMKT01","18-12-2016 08:56:20","14.162998266897748","1751902216346","1"
"BHMBCCMKT01","24-10-2016 11:29:57","15.63578856152513","1751902216346","1"
"BHMBCCMKT01","04-11-2016 11:00:33","15.633622183708837","1751902216346","1"
"BHMBCCMKT01","18-10-2016 09:28:22","12.347140381282495","1751902216346","1"
"BHMBCCMKT01","22-10-2016 09:59:44","12.681629116117852","1751902216346","1"
"BHMBCCMKT01","28-10-2016 13:02:43","18.32625649913345","1751902216346","1"
"BHMBCCMKT01","06-10-2016 12:30:24","18.44627383015598","1751902216346","1"
"BHMBCCMKT01","11-10-2016 11:30:59","16.524436741767765","1751902216346","1"
"BHMBCCMKT01","29-10-2016 08:26:46","11.521317157712305","1751902216346","1"
"BHMBCCMKT01","09-12-2016 10:29:29","13.938128249566724","1751902216346","1"
"BHMBCCMKT01","16-11-2016 10:00:54","12.914471403812824","1751902216346","1"
"BHMBCCMKT01","13-12-2016 09:02:55","12.221490467937608","1751902216346","1"
"BHMBCCMKT01","30-10-2016 15:00:00","17.190121317157715","1751902216346","1"
"BHMBCCMKT01","12-12-2016 13:29:50","18.15944540727903","1751902216346","1"
"BHMBCCMKT01","09-10-2016 16:03:43","17.385788561525132","1751902216346","1"
"BHMBCCMKT01","02-11-2016 14:56:19","14.681455805892547","1751902216346","1"
"BHMBCCMKT01","30-11-2016 09:28:40","12.406152512998268","1751902216346","1"
"BHMBCCMKT01","23-10-2016 08:26:51","14.753986135181975","1751902216346","1"
"BHMBCCMKT01","06-12-2016 07:56:10","11.423830155979202","1751902216346","1"
"BHMBCCMKT01","08-10-2016 15:30:39","14.02954939341421","1751902216346","1"
"BHMBCCMKT01","14-11-2016 13:00:38","17.35311958405546","1751902216346","1"
"BHMBCCMKT01","10-11-2016 08:00:12","11.477989601386483","1751902216346","1"
"BHMBCCMKT01","18-11-2016 11:34:08","15.726776429809359","1751902216346","1"
"BHMBCCMKT01","10-12-2016 16:25:40","13.759878682842288","1751902216346","1"
"BHMBCCMKT01","04-10-2016 12:29:45","18.876256499133447","1751902216346","1"
"BHMBCCMKT01","05-10-2016 10:04:15","13.146967071057192","1751902216346","1"
"BHMBCCMKT01","04-10-2016 09:32:46","13.131802426343153","1751902216346","1"
"BHMBCCMKT01","18-12-2016 15:30:24","18.28474870017331","1751902216346","1"
"BHMBCCMKT01","13-11-2016 08:27:31","15.601993067590989","1751902216346","1"
"BHMBCCMKT01","26-10-2016 12:26:27","18.194107452339686","1751902216346","1"
"BHMBCCMKT01","27-11-2016 13:08:25","20.0","1751902216346","1"
"BHMBCCMKT01","08-12-2016 14:26:29","14.974610051993068","1751902216346","1"
"BHMBCCMKT01","26-10-2016 09:59:25","12.933968804159445","1751902216346","1"
"BHMBCCMKT01","18-10-2016 13:28:57","18.041767764298093","1751902216346","1"
"BHMBCCMKT01","11-11-2016 11:27:18","15.713778162911611","1751902216346","1"
"BHMBCCMKT01","05-11-2016 11:26:38","15.826429809358753","1751902216346","1"
"BHMBCCMKT01","12-12-2016 12:29:50","17.911785095320624","1751902216346","1"
"BHMBCCMKT01","14-11-2016 09:00:38","11.740987868284229","1751902216346","1"
"BHMBCCMKT01","18-11-2016 13:01:10","18.185441941074526","1751902216346","1"
"BHMBCCMKT01","09-10-2016 10:30:43","17.188648180242634","1751902216346","1"
"BHMBCCMKT01","04-10-2016 16:04:12","12.500953206239167","1751902216346","1"
"BHMBCCMKT01","17-10-2016 15:31:21","13.162131715771231","1751902216346","1"
"BHMBCCMKT01","03-11-2016 11:00:24","15.700779896013866","1751902216346","1"
"BHMBCCMKT01","07-12-2016 08:55:20","11.243327556325823","1751902216346","1"
"BHMBCCMKT01","02-11-2016 11:30:19","15.661785095320624","1751902216346","1"
"BHMBCCMKT01","30-11-2016 08:28:35","10.701993067590987","1751902216346","1"
"BHMBCCMKT01","28-10-2016 10:56:43","14.774610051993067","1751902216346","1"
"BHMBCCMKT01","04-10-2016 07:59:42","12.28214904679376","1751902216346","1"
"BHMBCCMKT01","15-12-2016 11:26:03","18.900779896013866","1751902216346","1"
"BHMBCCMKT01","28-11-2016 13:02:26","18.23526863084922","1751902216346","1"
"BHMBCCMKT01","27-11-2016 13:32:24","20.0","1751902216346","1"
"BHMBCCMKT01","22-11-2016 12:31:37","19.00259965337955","1751902216346","1"
"BHMBCCMKT01","09-11-2016 13:00:08","18.12261698440208","1751902216346","1"
"BHMBCCMKT01","07-11-2016 09:59:50","12.888474870017333","1751902216346","1"
"BHMBCCMKT01","14-10-2016 12:27:06","18.211438474870015","1751902216346","1"
"BHMBCCMKT01","25-10-2016 12:29:21","19.90641247833622","1751902216346","1"
"BHMBCCMKT01","12-10-2016 11:31:05","17.277296360485266","1751902216346","1"
"BHMBCCMKT01","07-12-2016 07:59:16","11.423830155979202","1751902216346","1"
"BHMBCCMKT01","08-12-2016 09:59:28","13.077642980935876","1751902216346","1"
"BHMBCCMKT01","26-10-2016 10:26:30","13.170797227036395","1751902216346","1"
"BHMBCCMKT01","05-11-2016 10:59:39","15.28526863084922","1751902216346","1"
"BHMBCCMKT01","04-10-2016 14:02:47","15.065597920277298","1751902216346","1"
"BHMBCCMKT01","21-11-2016 12:31:29","17.8446273830156","1751902216346","1"
"BHMBCCMKT01","19-11-2016 10:58:15","20.0","1751902216346","1"
"BHMBCCMKT01","31-10-2016 11:26:04","17.63561525129983","1751902216346","1"
"BHMBCCMKT01","08-12-2016 13:25:28","18.96793760831889","1751902216346","1"
"BHMBCCMKT01","15-12-2016 15:26:03","12.470623916811093","1751902216346","1"
"BHMBCCMKT01","29-11-2016 13:28:30","18.19627383015598","1751902216346","1"
"BHMBCCMKT01","27-10-2016 15:26:33","14.219757365684575","1751902216346","1"
"BHMBCCMKT01","18-10-2016 12:01:59","19.000433275563257","1751902216346","1"
"BHMBCCMKT01","01-12-2016 08:58:41","13.367157712305026","1751902216346","1"
"BHMBCCMKT01","30-11-2016 12:28:37","18.70944540727903","1751902216346","1"
"BHMBCCMKT01","27-11-2016 12:01:25","20.0","1751902216346","1"
"BHMBCCMKT01","13-11-2016 13:33:34","20.0","1751902216346","1"
"BHMBCCMKT01","27-10-2016 08:32:33","11.77998266897747","1751902216346","1"
"BHMBCCMKT01","30-11-2016 10:01:40","13.075476603119585","1751902216346","1"
"BHMBCCMKT01","23-10-2016 16:26:57","16.474956672443675","1751902216346","1"
"BHMBCCMKT01","04-11-2016 15:00:30","12.48795493934142","1751902216346","1"
"BHMBCCMKT01","09-12-2016 10:56:33","14.898786828422876","1751902216346","1"
"BHMBCCMKT01","07-10-2016 13:30:29","18.185441941074526","1751902216346","1"
"BHMBCCMKT01","08-12-2016 16:32:27","12.627469670710571","1751902216346","1"
"BHMBCCMKT01","13-11-2016 11:00:32","18.699480069324093","1751902216346","1"
"BHMBCCMKT01","09-12-2016 09:55:30","13.092807625649915","1751902216346","1"
"BHMBCCMKT01","23-10-2016 08:59:50","15.310485268630849","1751902216346","1"
"BHMBCCMKT01","22-11-2016 13:31:38","18.256932409012133","1751902216346","1"
"BHMBCCMKT01","30-10-2016 08:59:52","16.3974870017331","1751902216346","1"
"BHMBCCMKT01","21-11-2016 15:57:30","13.251473136915077","1751902216346","1"
"BHMBCCMKT01","18-11-2016 08:27:05","11.280155979202773","1751902216346","1"
"BHMBCCMKT01","29-11-2016 07:55:29","12.193327556325823","1751902216346","1"
"BHMBCCMKT01","06-11-2016 08:00:42","14.97582322357019","1751902216346","1"
"BHMBCCMKT01","24-10-2016 11:03:03","15.59679376083189","1751902216346","1"
"BHMBCCMKT01","13-12-2016 09:29:54","12.277816291161178","1751902216346","1"
"BHMBCCMKT01","26-11-2016 09:01:01","13.027816291161178","1751902216346","1"
"BHMBCCMKT01","18-12-2016 16:30:25","16.59627383015598","1751902216346","1"
"BHMBCCMKT01","13-11-2016 16:27:34","16.438128249566724","1751902216346","1"
"BHMBCCMKT01","16-11-2016 12:27:54","18.12261698440208","1751902216346","1"
"BHMBCCMKT01","11-12-2016 09:59:44","14.673830155979202","1751902216346","1"
"BHMBCCMKT01","04-11-2016 08:00:29","11.503986135181975","1751902216346","1"
"BHMBCCMKT01","08-11-2016 09:59:56","12.392634315424612","1751902216346","1"
"BHMBCCMKT01","01-11-2016 14:26:10","14.481109185441941","1751902216346","1"
"BHMBCCMKT01","24-10-2016 13:56:01","15.774436741767763","1751902216346","1"
"BHMBCCMKT01","08-12-2016 08:26:27","11.43682842287695","1751902216346","1"
"BHMBCCMKT01","11-12-2016 10:59:45","17.977642980935876","1751902216346","1"
"BHMBCCMKT01","05-10-2016 13:30:19","17.387781629116116","1751902216346","1"
"BHMBCCMKT01","17-11-2016 11:04:02","16.244280762564994","1751902216346","1"
"BHMBCCMKT01","01-11-2016 13:00:12","18.826429809358753","1751902216346","1"
"BHMBCCMKT01","25-11-2016 12:34:55","20.0","1751902216346","1"
"BHMBCCMKT01","19-10-2016 12:25:00","18.12045060658579","1751902216346","1"
"BHMBCCMKT01","10-11-2016 11:27:14","15.702946273830156","1751902216346","1"
"BHMBCCMKT01","30-10-2016 07:59:55","15.49315424610052","1751902216346","1"
"BHMBCCMKT01","15-10-2016 09:01:09","13.066811091854419","1751902216346","1"
"BHMBCCMKT01","08-11-2016 11:59:58","16.361265164644717","1751902216346","1"
"BHMBCCMKT01","10-12-2016 13:56:35","17.03570190641248","1751902216346","1"
"BHMBCCMKT01","13-10-2016 09:31:01","12.910138648180244","1751902216346","1"
"BHMBCCMKT01","19-11-2016 12:04:16","20.0","1751902216346","1"
"BHMBCCMKT01","27-11-2016 16:32:24","16.581109185441942","1751902216346","1"
"BHMBCCMKT01","10-10-2016 13:04:49","17.931282495667244","1751902216346","1"
"BHMBCCMKT01","22-10-2016 14:59:48","16.018544194107452","1751902216346","1"
"BHMBCCMKT01","10-10-2016 08:04:47","12.066984402079724","1751902216346","1"
"BHMBCCMKT01","08-11-2016 15:33:57","14.111958405545927","1751902216346","1"
"BHMBCCMKT01","25-10-2016 10:29:19","13.274783362218372","1751902216346","1"
"BHMBCCMKT01","12-10-2016 08:04:00","12.26048526863085","1751902216346","1"
"BHMBCCMKT01","24-10-2016 14:56:02","14.802772963604854","1751902216346","1"
"BHMBCCMKT01","08-11-2016 08:26:55","11.477989601386483","1751902216346","1"
"BHMBCCMKT01","18-10-2016 15:55:00","13.472790294627384","1751902216346","1"
"BHMBCCMKT01","05-12-2016 10:29:08","13.63847487001733","1751902216346","1"
"BHMBCCMKT01","12-10-2016 12:31:05","18.092287694974004","1751902216346","1"
"BHMBCCMKT01","17-12-2016 12:26:17","19.230069324090124","1751902216346","1"
"BHMBCCMKT01","22-10-2016 11:59:46","19.06542461005199","1751902216346","1"
"BHMBCCMKT01","14-11-2016 08:00:37","11.467157712305024","1751902216346","1"
"BHMBCCMKT01","23-11-2016 08:30:41","11.462824956672444","1751902216346","1"
"BHMBCCMKT01","22-11-2016 16:30:38","13.16429809358752","1751902216346","1"
"BHMBCCMKT01","12-10-2016 14:03:59","16.411785095320624","1751902216346","1"
"BHMBCCMKT01","07-11-2016 12:26:50","18.096620450606586","1751902216346","1"
"BHMBCCMKT01","07-10-2016 13:04:28","18.18327556325823","1751902216346","1"
"BHMBCCMKT01","22-10-2016 07:59:45","12.273483535528595","1751902216346","1"
"BHMBCCMKT01","25-11-2016 12:00:56","20.0","1751902216346","1"
"BHMBCCMKT01","22-10-2016 10:26:47","13.98795493934142","1751902216346","1"
"BHMBCCMKT01","10-10-2016 16:30:49","13.146967071057192","1751902216346","1"
"BHMBCCMKT01","06-12-2016 12:29:11","18.81993067590988","1751902216346","1"
"BHMBCCMKT01","01-11-2016 09:00:08","12.29948006932409","1751902216346","1"
"BHMBCCMKT01","15-11-2016 08:30:47","11.482322357019063","1751902216346","1"
"BHMBCCMKT01","17-12-2016 09:26:17","13.227642980935874","1751902216346","1"
"BHMBCCMKT01","07-11-2016 08:00:52","12.464991334488735","1751902216346","1"
"BHMBCCMKT01","01-11-2016 16:00:09","12.481455805892548","1751902216346","1"
"BHMBCCMKT01","13-11-2016 10:00:31","16.21932409012132","1751902216346","1"
"BHMBCCMKT01","10-12-2016 10:29:38","14.00745233968804","1751902216346","1"
"BHMBCCMKT01","02-11-2016 16:03:20","12.420797227036395","1751902216346","1"
"BHMBCCMKT01","06-11-2016 16:26:45","14.731629116117851","1751902216346","1"
"BHMBCCMKT01","24-11-2016 10:27:47","12.98379549393414","1751902216346","1"
"BHMBCCMKT01","27-10-2016 13:32:35","18.337088388214905","1751902216346","1"
"BHMBCCMKT01","02-12-2016 12:28:52","18.924610051993067","1751902216346","1"
"BHMBCCMKT01","05-12-2016 11:02:06","14.794800693240902","1751902216346","1"
"BHMBCCMKT01","28-11-2016 08:32:24","12.210658578856153","1751902216346","1"
"BHMBCCMKT01","10-10-2016 14:30:49","14.133622183708837","1751902216346","1"
"BHMBCCMKT01","18-12-2016 09:30:21","13.91733102253033","1751902216346","1"
"BHMBCCMKT01","12-11-2016 16:00:24","13.955545927209705","1751902216346","1"
"BHMBCCMKT01","07-12-2016 11:59:20","15.683448873483536","1751902216346","1"
"BHMBCCMKT01","08-11-2016 08:59:56","12.399653379549394","1751902216346","1"
"BHMBCCMKT01","09-12-2016 13:02:32","18.004939341421142","1751902216346","1"
"BHMBCCMKT01","03-11-2016 10:00:22","13.15779896013865","1751902216346","1"
"BHMBCCMKT01","16-10-2016 12:27:14","20.0","1751902216346","1"
"BHMBCCMKT01","29-11-2016 12:28:36","18.746273830155978","1751902216346","1"
"BHMBCCMKT01","25-10-2016 12:02:23","19.37824956672444","1751902216346","1"
"BHMBCCMKT01","27-11-2016 14:02:23","19.208578856152513","1751902216346","1"
"BHMBCCMKT01","13-11-2016 12:00:34","20.0","1751902216346","1"
"BHMBCCMKT01","14-10-2016 09:01:08","12.295147313691508","1751902216346","1"
"BHMBCCMKT01","07-12-2016 13:26:23","18.146447140381284","1751902216346","1"
"BHMBCCMKT01","09-10-2016 11:04:44","19.516637781629118","1751902216346","1"
"BHMBCCMKT01","14-12-2016 11:30:01","15.622790294627382","1751902216346","1"
"BHMBCCMKT01","31-10-2016 12:00:04","18.178942807625653","1751902216346","1"
"BHMBCCMKT01","18-11-2016 15:01:07","13.263951473136915","1751902216346","1"
"BHMBCCMKT01","18-12-2016 13:30:26","20.0","1751902216346","1"
"BHMBCCMKT01","29-10-2016 15:59:51","13.803379549393412","1751902216346","1"
"BHMBCCMKT01","31-10-2016 09:26:03","13.049306759098787","1751902216346","1"
"BHMBCCMKT01","17-11-2016 13:31:03","18.959272097053727","1751902216346","1"
"BHMBCCMKT01","14-11-2016 08:33:40","11.477989601386483","1751902216346","1"
"BHMBCCMKT01","13-12-2016 08:29:53","11.443327556325825","1751902216346","1"
"BHMBCCMKT01","09-10-2016 14:03:42","19.25060658578856","1751902216346","1"
"BHMBCCMKT01","11-11-2016 13:34:21","17.359618717504333","1751902216346","1"
"BHMBCCMKT01","13-12-2016 11:29:55","15.500779896013865","1751902216346","1"
"BHMBCCMKT01","19-11-2016 10:04:14","18.129289428076255","1751902216346","1"
"BHMBCCMKT01","06-12-2016 14:02:16","15.250606585788562","1751902216346","1"
"BHMBCCMKT01","13-11-2016 14:00:35","18.826603119584057","1751902216346","1"
"BHMBCCMKT01","23-10-2016 09:26:51","15.308318890814558","1751902216346","1"
"BHMBCCMKT01","31-10-2016 15:27:04","13.205459272097054","1751902216346","1"
"BHMBCCMKT01","30-10-2016 13:59:59","20.0","1751902216346","1"
"BHMBCCMKT01","13-11-2016 11:27:32","20.0","1751902216346","1"
"BHMBCCMKT01","23-10-2016 11:59:50","20.0","1751902216346","1"
"BHMBCCMKT01","06-12-2016 10:29:11","13.90996533795494","1751902216346","1"
"BHMBCCMKT01","13-10-2016 13:31:08","18.189774696707104","1751902216346","1"
"BHMBCCMKT01","14-10-2016 13:27:07","18.185441941074526","1751902216346","1"
"BHMBCCMKT01","16-11-2016 09:27:53","12.288648180242634","1751902216346","1"
"BHMBCCMKT01","06-12-2016 11:29:14","15.776603119584056","1751902216346","1"
"BHMBCCMKT01","22-11-2016 15:31:37","12.496620450606585","1751902216346","1"
"BHMBCCMKT01","15-12-2016 09:30:04","12.286481802426344","1751902216346","1"
"BHMBCCMKT01","14-11-2016 14:33:40","14.822963604852685","1751902216346","1"
"BHMBCCMKT01","28-10-2016 15:02:43","13.310918544194106","1751902216346","1"
"BHMBCCMKT01","02-11-2016 12:30:20","18.698613518197575","1751902216346","1"
"BHMBCCMKT01","02-12-2016 15:58:52","13.183795493934142","1751902216346","1"
"BHMBCCMKT01","16-11-2016 13:27:55","15.705112651646447","1751902216346","1"
"BHMBCCMKT01","24-11-2016 13:04:50","18.248266897746966","1751902216346","1"
"BHMBCCMKT01","18-10-2016 11:27:56","16.543934142114388","1751902216346","1"
"BHMBCCMKT01","24-11-2016 15:31:49","13.490121317157712","1751902216346","1"
"BHMBCCMKT01","20-11-2016 15:27:24","17.74792027729636","1751902216346","1"
"BHMBCCMKT01","06-10-2016 08:57:22","11.551646447140381","1751902216346","1"
"BHMBCCMKT01","06-12-2016 08:29:11","10.923830155979202","1751902216346","1"
"BHMBCCMKT01","09-10-2016 12:30:41","20.0","1751902216346","1"
"BHMBCCMKT01","06-10-2016 12:04:24","18.18110918544194","1751902216346","1"
"BHMBCCMKT01","15-10-2016 12:01:12","19.097920277296364","1751902216346","1"
"BHMBCCMKT01","11-12-2016 12:32:41","20.0","1751902216346","1"
"BHMBCCMKT01","17-10-2016 12:31:21","18.83362218370884","1751902216346","1"
"BHMBCCMKT01","15-12-2016 10:30:07","14.09679376083189","1751902216346","1"
"BHMBCCMKT01","07-12-2016 11:25:22","17.324956672443676","1751902216346","1"
"BHMBCCMKT01","14-11-2016 10:00:37","13.334142114384749","1751902216346","1"
"BHMBCCMKT01","13-10-2016 15:31:08","13.011958405545927","1751902216346","1"
"BHMBCCMKT01","07-10-2016 14:30:32","14.942114384748699","1751902216346","1"
"BHMBCCMKT01","23-11-2016 15:04:43","13.172963604852686","1751902216346","1"
"BHMBCCMKT01","25-11-2016 16:00:59","13.621923743500865","1751902216346","1"
"BHMBCCMKT01","19-11-2016 14:31:17","20.0","1751902216346","1"
"BHMBCCMKT01","10-11-2016 09:00:09","12.256152512998266","1751902216346","1"
"BHMBCCMKT01","15-11-2016 14:30:48","14.26793760831889","1751902216346","1"
"BHMBCCMKT01","19-10-2016 10:59:00","14.68795493934142","1751902216346","1"
"BHMBCCMKT01","11-10-2016 15:03:58","13.061785095320623","1751902216346","1"
"BHMBCCMKT01","17-11-2016 08:04:02","12.223656845753899","1751902216346","1"
"BHMBCCMKT01","23-11-2016 11:31:44","15.429289428076256","1751902216346","1"
"BHMBCCMKT01","16-12-2016 13:56:11","14.944280762564992","1751902216346","1"
"BHMBCCMKT01","17-12-2016 10:33:17","14.170450606585788","1751902216346","1"
"BHMBCCMKT01","25-11-2016 14:34:59","15.869064124783364","1751902216346","1"
"BHMBCCMKT01","12-10-2016 10:01:04","13.864471403812825","1751902216346","1"
"BHMBCCMKT01","19-11-2016 09:31:13","16.370970537261698","1751902216346","1"
"BHMBCCMKT01","04-10-2016 11:25:47","16.58509532062392","1751902216346","1"
"BHMBCCMKT01","29-11-2016 09:28:32","11.51481802426343","1751902216346","1"
"BHMBCCMKT01","16-12-2016 12:56:12","18.87261698440208","1751902216346","1"
"BHMBCCMKT01","21-11-2016 15:31:28","13.362305025996534","1751902216346","1"
"BHMBCCMKT01","10-11-2016 10:27:10","13.172963604852686","1751902216346","1"
"BHMBCCMKT01","04-11-2016 14:26:30","14.911785095320624","1751902216346","1"
"BHMBCCMKT01","10-11-2016 10:00:12","12.901473136915078","1751902216346","1"
"BHMBCCMKT01","27-11-2016 09:32:21","14.701993067590989","1751902216346","1"
"BHMBCCMKT01","25-11-2016 15:00:56","13.638734835355287","1751902216346","1"
"BHMBCCMKT01","08-11-2016 14:26:58","14.224610051993068","1751902216346","1"
"BHMBCCMKT01","13-10-2016 11:31:06","15.576603119584057","1751902216346","1"
"BHMBCCMKT01","17-11-2016 14:04:03","14.968110918544193","1751902216346","1"
"BHMBCCMKT01","18-11-2016 10:27:05","13.990121317157712","1751902216346","1"
"BHMBCCMKT01","11-11-2016 11:00:18","16.666117850953206","1751902216346","1"
"BHMBCCMKT01","09-11-2016 13:27:04","18.37261698440208","1751902216346","1"
"BHMBCCMKT01","18-12-2016 12:56:26","20.0","1751902216346","1"
"BHMBCCMKT01","03-11-2016 16:03:28","11.659965337954938","1751902216346","1"
"BHMBCCMKT01","08-10-2016 10:57:34","15.03310225303293","1751902216346","1"
"BHMBCCMKT01","27-11-2016 11:01:24","19.512305025996536","1751902216346","1"
"BHMBCCMKT01","08-12-2016 12:25:24","18.474436741767764","1751902216346","1"
"BHMBCCMKT01","11-10-2016 14:04:00","15.000606585788564","1751902216346","1"
"BHMBCCMKT01","31-10-2016 13:26:01","18.185441941074526","1751902216346","1"
"BHMBCCMKT01","24-11-2016 10:01:47","13.88830155979203","1751902216346","1"
"BHMBCCMKT01","12-12-2016 16:29:51","12.35580589254766","1751902216346","1"
"BHMBCCMKT01","10-12-2016 12:02:38","19.136915077989602","1751902216346","1"
"BHMBCCMKT01","28-11-2016 16:02:30","12.433795493934143","1751902216346","1"
"BHMBCCMKT01","29-11-2016 11:55:30","16.465944540727904","1751902216346","1"
"BHMBCCMKT01","06-10-2016 13:30:21","18.200606585788563","1751902216346","1"
"BHMBCCMKT01","04-10-2016 08:25:42","12.438648180242634","1751902216346","1"
"BHMBCCMKT01","10-11-2016 12:00:10","17.985441941074527","1751902216346","1"
"BHMBCCMKT01","19-12-2016 09:30:30","12.386655112651646","1751902216346","1"
"BHMBCCMKT01","24-11-2016 16:31:53","12.440294627383015","1751902216346","1"
"BHMBCCMKT01","09-10-2016 14:30:42","19.002772963604855","1751902216346","1"
"BHMBCCMKT01","11-10-2016 08:30:54","12.088648180242634","1751902216346","1"
"BHMBCCMKT01","11-10-2016 14:30:56","14.013778162911612","1751902216346","1"
"BHMBCCMKT01","10-11-2016 15:00:13","13.250953206239169","1751902216346","1"
"BHMBCCMKT01","22-10-2016 16:26:47","13.886568457538996","1751902216346","1"
"BHMBCCMKT01","01-12-2016 08:05:40","12.597660311958405","1751902216346","1"
"BHMBCCMKT01","06-11-2016 13:06:45","19.485615251299826","1751902216346","1"
"BHMBCCMKT01","25-10-2016 11:29:22","15.8394280762565","1751902216346","1"
"BHMBCCMKT01","30-10-2016 15:32:59","15.718457538994802","1751902216346","1"
"BHMBCCMKT01","07-11-2016 10:59:51","14.857625649913345","1751902216346","1"
"BHMBCCMKT01","15-11-2016 15:57:49","13.194627383015598","1751902216346","1"
"BHMBCCMKT01","03-11-2016 13:59:26","15.705112651646447","1751902216346","1"
"BHMBCCMKT01","04-10-2016 08:59:42","12.323310225303292","1751902216346","1"
"BHMBCCMKT01","06-12-2016 10:02:12","13.229809358752167","1751902216346","1"
"BHMBCCMKT01","01-11-2016 09:26:12","11.597140381282497","1751902216346","1"
"BHMBCCMKT01","17-10-2016 08:01:16","13.008318890814557","1751902216346","1"
"BHMBCCMKT01","15-10-2016 10:01:12","13.983622183708839","1751902216346","1"
"BHMBCCMKT01","10-12-2016 14:25:37","15.561698440207973","1751902216346","1"
"BHMBCCMKT01","11-12-2016 14:32:44","20.0","1751902216346","1"
"BHMBCCMKT01","06-12-2016 11:56:16","16.039601386481802","1751902216346","1"
"BHMBCCMKT01","06-11-2016 11:26:44","18.757972270363954","1751902216346","1"
"BHMBCCMKT01","07-12-2016 13:59:22","15.926949740034662","1751902216346","1"
"BHMBCCMKT01","27-11-2016 15:01:22","16.58258232235702","1751902216346","1"
"BHMBCCMKT01","08-12-2016 09:26:27","11.495320623916811","1751902216346","1"
"BHMBCCMKT01","10-12-2016 15:59:39","13.881369150779896","1751902216346","1"
"BHMBCCMKT01","30-11-2016 13:28:41","18.185441941074526","1751902216346","1"
"BHMBCCMKT01","26-10-2016 08:32:27","13.036481802426342","1751902216346","1"
"BHMBCCMKT01","28-11-2016 09:02:28","12.221490467937608","1751902216346","1"
"BHMBCCMKT01","14-12-2016 08:03:01","11.580329289428075","1751902216346","1"
"BHMBCCMKT01","02-12-2016 09:28:50","12.275649913344889","1751902216346","1"
"BHMBCCMKT01","21-11-2016 11:57:30","15.56429809358752","1751902216346","1"
"BHMBCCMKT01","09-11-2016 12:27:05","18.096620450606586","1751902216346","1"
"BHMBCCMKT01","26-11-2016 08:28:01","12.238821490467938","1751902216346","1"
"BHMBCCMKT01","16-11-2016 11:27:51","15.65311958405546","1751902216346","1"
"BHMBCCMKT01","11-11-2016 10:27:18","13.218457538994802","1751902216346","1"
"BHMBCCMKT01","17-10-2016 11:31:18","15.63145580589255","1751902216346","1"
"BHMBCCMKT01","10-10-2016 12:30:48","17.92045060658579","1751902216346","1"
"BHMBCCMKT01","09-12-2016 14:56:31","14.983275563258232","1751902216346","1"
"BHMBCCMKT01","06-10-2016 10:30:20","16.596620450606586","1751902216346","1"
"BHMBCCMKT01","19-10-2016 10:25:04","13.742461005199306","1751902216346","1"
"BHMBCCMKT01","12-12-2016 11:55:49","15.890121317157712","1751902216346","1"
"BHMBCCMKT01","06-12-2016 13:29:16","17.74610051993068","1751902216346","1"
"BHMBCCMKT01","16-10-2016 08:27:13","14.753986135181975","1751902216346","1"
"BHMBCCMKT01","29-10-2016 07:59:48","12.410485268630849","1751902216346","1"
"BHMBCCMKT01","15-10-2016 08:34:10","11.536481802426344","1751902216346","1"
"BHMBCCMKT01","09-10-2016 08:30:45","15.490987868284227","1751902216346","1"
"BHMBCCMKT01","15-11-2016 15:03:48","13.268284228769499","1751902216346","1"
"BHMBCCMKT01","14-10-2016 10:01:11","13.440294627383016","1751902216346","1"
"BHMBCCMKT01","04-11-2016 13:59:31","17.387781629116116","1751902216346","1"
"BHMBCCMKT01","27-10-2016 11:32:32","15.709445407279027","1751902216346","1"
"BHMBCCMKT01","27-11-2016 12:32:25","20.0","1751902216346","1"
